Name,REF,POS,ALT
T231L,T,231,L
E171I,E,171,I
Q192T,Q,192,T
R282P,R,282,P
Q192K,Q,192,K
Q167Y,Q,167,Y
C277L,C,277,L
E204F,E,204,F
R290Y,R,290,Y
G302W,G,302,W
P152A,P,152,A
C229D,C,229,D
P190A,P,190,A
G187R,G,187,R
L265M,L,265,M
R213E,R,213,E
E180I,E,180,I
V274F,V,274,F
Y236P,Y,236,P
E287A,E,287,A
K305G,K,305,G
P142S,P,142,S
R209Y,R,209,Y
E171G,E,171,G
K139A,K,139,A
P191H,P,191,H
A276M,A,276,M
N263R,N,263,R
Y236C,Y,236,C
K164G,K,164,G
E271I,E,271,I
G293W,G,293,W
K305C,K,305,C
E171W,E,171,W
H296Q,H,296,Q
A129K,A,129,K
E180F,E,180,F
E286G,E,286,G
C141D,C,141,D
V216W,V,216,W
V218N,V,218,N
V274G,V,274,G
D228T,D,228,T
H193V,H,193,V
P153E,P,153,E
P153C,P,153,C
S303R,S,303,R
K291V,K,291,V
D148E,D,148,E
P222Q,P,222,Q
H193N,H,193,N
T140P,T,140,P
E336Q,E,336,Q
P300G,P,300,G
Q192R,Q,192,R
R209F,R,209,F
C229S,C,229,S
P219W,P,219,W
P295Y,P,295,Y
L201Y,L,201,Y
L194V,L,194,V
N288G,N,288,G
V216Y,V,216,Y
P177V,P,177,V
C229H,C,229,H
C275S,C,275,S
R181D,R,181,D
D184V,D,184,V
P219K,P,219,K
S166V,S,166,V
L264M,L,264,M
T155S,T,155,S
F113I,F,113,I
R174E,R,174,E
C242A,C,242,A
T155D,T,155,D
Y236F,Y,236,F
E198L,E,198,L
S185E,S,185,E
N263T,N,263,T
P300T,P,300,T
Y126Q,Y,126,Q
C238E,C,238,E
P128Y,P,128,Y
V143P,V,143,P
V172N,V,172,N
L289H,L,289,H
R267T,R,267,T
E258F,E,258,F
G245S,G,245,S
A161D,A,161,D
V157K,V,157,K
S94L,S,94,L
L206M,L,206,M
D207C,D,207,C
T284E,T,284,E
F212H,F,212,H
G244D,G,244,D
H168E,H,168,E
T155G,T,155,G
Y163M,Y,163,M
L252Y,L,252,Y
K292W,K,292,W
R174L,R,174,L
R267N,R,267,N
N288E,N,288,E
H296A,H,296,A
Y126I,Y,126,I
A138W,A,138,W
W146K,W,146,K
G279Q,G,279,Q
S227Q,S,227,Q
P128F,P,128,F
G302M,G,302,M
I232F,I,232,F
H179G,H,179,G
T312N,T,312,N
T284H,T,284,H
D148I,D,148,I
P191Y,P,191,Y
N210F,N,210,F
D148H,D,148,H
R379S,R,379,S
R196M,R,196,M
P177R,P,177,R
P222L,P,222,L
T155R,T,155,R
N288A,N,288,A
T230L,T,230,L
P222G,P,222,G
G262M,G,262,M
D186Y,D,186,Y
S240D,S,240,D
L130Q,L,130,Q
K305H,K,305,H
S241N,S,241,N
R282L,R,282,L
K164W,K,164,W
H179K,H,179,K
T253Q,T,253,Q
R196T,R,196,T
R174A,R,174,A
H296W,H,296,W
N210G,N,210,G
R282G,R,282,G
H178F,H,178,F
G360A,G,360,A
C238P,C,238,P
K305I,K,305,I
M246S,M,246,S
T284W,T,284,W
A129D,A,129,D
S241V,S,241,V
Q167V,Q,167,V
I251R,I,251,R
V143R,V,143,R
V10L,V,10,L
L265Q,L,265,Q
G226N,G,226,N
R156W,R,156,W
S127L,S,127,L
R267Q,R,267,Q
P151I,P,151,I
T231Q,T,231,Q
P152C,P,152,C
R280D,R,280,D
P152Y,P,152,Y
R202C,R,202,C
L265D,L,265,D
H214D,H,214,D
G226R,G,226,R
F134A,F,134,A
L299M,L,299,M
Y205T,Y,205,T
C182F,C,182,F
H296C,H,296,C
A276F,A,276,F
E258R,E,258,R
P223M,P,223,M
A161Y,A,161,Y
M237R,M,237,R
Y234T,Y,234,T
T150F,T,150,F
G262C,G,262,C
R196G,R,196,G
N235K,N,235,K
P278C,P,278,C
V217I,V,217,I
H178N,H,178,N
C277N,C,277,N
T312S,T,312,S
L252Q,L,252,Q
N235F,N,235,F
V157A,V,157,A
I251S,I,251,S
L137Y,L,137,Y
A138H,A,138,H
T284G,T,284,G
G226Q,G,226,Q
R175N,R,175,N
G199K,G,199,K
K132T,K,132,T
R156Y,R,156,Y
R156A,R,156,A
E287D,E,287,D
H296V,H,296,V
E294Q,E,294,Q
E285N,E,285,N
C238F,C,238,F
E258Y,E,258,Y
S149C,S,149,C
S166R,S,166,R
R202S,R,202,S
S303D,S,303,D
K164I,K,164,I
G245Y,G,245,Y
C182A,C,182,A
P219H,P,219,H
E286L,E,286,L
D184S,D,184,S
T211Y,T,211,Y
A189V,A,189,V
K132D,K,132,D
V216M,V,216,M
N131C,N,131,C
K292I,K,292,I
P219E,P,219,E
V274R,V,274,R
G293I,G,293,I
M246E,M,246,E
I254C,I,254,C
E224P,E,224,P
L201F,L,201,F
R213Q,R,213,Q
V172A,V,172,A
C238L,C,238,L
S166I,S,166,I
P223L,P,223,L
E298V,E,298,V
M169Q,M,169,Q
I254Y,I,254,Y
D281T,D,281,T
S241R,S,241,R
N263H,N,263,H
C242R,C,242,R
P222D,P,222,D
Y234S,Y,234,S
I195G,I,195,G
M243T,M,243,T
C176K,C,176,K
R306S,R,306,S
P128T,P,128,T
P191L,P,191,L
R283E,R,283,E
G199R,G,199,R
C141M,C,141,M
R290F,R,290,F
M160C,M,160,C
S260R,S,260,R
N29D,N,29,D
H214I,H,214,I
N247T,N,247,T
L257T,L,257,T
P250K,P,250,K
S127Q,S,127,Q
H233E,H,233,E
A307P,A,307,P
C229I,C,229,I
K164V,K,164,V
M133W,M,133,W
R283F,R,283,F
R249N,R,249,N
G245K,G,245,K
T140K,T,140,K
Y107H,Y,107,H
P278N,P,278,N
H214W,H,214,W
L194Y,L,194,Y
D281L,D,281,L
A129L,A,129,L
K132L,K,132,L
Q165F,Q,165,F
P72A,P,72,A
R290M,R,290,M
N235G,N,235,G
V225F,V,225,F
R249M,R,249,M
M133V,M,133,V
P191M,P,191,M
V225I,V,225,I
H179M,H,179,M
N263D,N,263,D
E198N,E,198,N
C182M,C,182,M
P191Q,P,191,Q
T150S,T,150,S
G154M,G,154,M
G244E,G,244,E
C135S,C,135,S
N268K,N,268,K
L299A,L,299,A
H178W,H,178,W
S183M,S,183,M
G226H,G,226,H
P301S,P,301,S
E204G,E,204,G
L194W,L,194,W
A276I,A,276,I
V217C,V,217,C
R249A,R,249,A
G279M,G,279,M
P89T,P,89,T
Y220L,Y,220,L
R196Q,R,196,Q
R174N,R,174,N
V217K,V,217,K
G279F,G,279,F
D228W,D,228,W
D148W,D,148,W
I255C,I,255,C
R181S,R,181,S
M169D,M,169,D
E198F,E,198,F
S166N,S,166,N
Q144S,Q,144,S
T150A,T,150,A
T256W,T,256,W
Q136Y,Q,136,Y
T155Y,T,155,Y
P142W,P,142,W
V172L,V,172,L
C124S,C,124,S
A129I,A,129,I
Q192E,Q,192,E
C277R,C,277,R
D281W,D,281,W
A138M,A,138,M
A161S,A,161,S
T231F,T,231,F
P295D,P,295,D
L299N,L,299,N
Y205G,Y,205,G
A189G,A,189,G
R267K,R,267,K
I162S,I,162,S
P250Y,P,250,Y
R248H,R,248,H
L137E,L,137,E
F270M,F,270,M
M160F,M,160,F
L130S,L,130,S
T230E,T,230,E
K305V,K,305,V
A129P,A,129,P
L130I,L,130,I
L257N,L,257,N
L137F,L,137,F
N239L,N,239,L
T231E,T,231,E
R213Y,R,213,Y
E224I,E,224,I
Q375K,Q,375,K
P153H,P,153,H
R181H,R,181,H
T140G,T,140,G
Q144E,Q,144,E
I195K,I,195,K
V203C,V,203,C
K139I,K,139,I
I232E,I,232,E
D228C,D,228,C
N200T,N,200,T
S260F,S,260,F
G262V,G,262,V
V272Q,V,272,Q
N210C,N,210,C
D281K,D,281,K
S166A,S,166,A
P151T,P,151,T
I195W,I,195,W
Y126M,Y,126,M
P301Y,P,301,Y
E221F,E,221,F
C176A,C,176,A
P58A,P,58,A
D324E,D,324,E
R175H,R,175,H
V172F,V,172,F
H168A,H,168,A
V217M,V,217,M
V143A,V,143,A
R181K,R,181,K
Q136D,Q,136,D
V203Y,V,203,Y
K132Y,K,132,Y
Y163W,Y,163,W
T304Y,T,304,Y
L299T,L,299,T
L257H,L,257,H
A129V,A,129,V
T284P,T,284,P
E204L,E,204,L
H179Q,H,179,Q
E198Q,E,198,Q
Y220M,Y,220,M
N288C,N,288,C
K319T,K,319,T
S183D,S,183,D
S183G,S,183,G
P152G,P,152,G
Q136G,Q,136,G
P295R,P,295,R
C135I,C,135,I
F341S,F,341,S
T211G,T,211,G
H179D,H,179,D
L130R,L,130,R
T211F,T,211,F
R213W,R,213,W
P295L,P,295,L
A138G,A,138,G
S166T,S,166,T
G262S,G,262,S
L194G,L,194,G
G244H,G,244,H
L206R,L,206,R
V203R,V,203,R
G199Y,G,199,Y
R335L,R,335,L
N288Q,N,288,Q
K292H,K,292,H
R175A,R,175,A
R156D,R,156,D
P72R,P,72,R
R283L,R,283,L
C141H,C,141,H
R280L,R,280,L
C275E,C,275,E
P142F,P,142,F
D208M,D,208,M
S260N,S,260,N
A138C,A,138,C
S149L,S,149,L
V203I,V,203,I
R175Q,R,175,Q
P222W,P,222,W
V173R,V,173,R
N210K,N,210,K
G226A,G,226,A
C238Y,C,238,Y
G279W,G,279,W
Y236V,Y,236,V
S261R,S,261,R
E204M,E,204,M
M169N,M,169,N
C229M,C,229,M
N200F,N,200,F
V157F,V,157,F
L188T,L,188,T
N235Y,N,235,Y
P36Q,P,36,Q
R196Y,R,196,Y
A161C,A,161,C
E204W,E,204,W
G245H,G,245,H
Y236T,Y,236,T
P190H,P,190,H
S215P,S,215,P
K132M,K,132,M
D208I,D,208,I
R213P,R,213,P
Y163A,Y,163,A
H179R,H,179,R
T155I,T,155,I
I162H,I,162,H
R209I,R,209,I
C277W,C,277,W
T256K,T,256,K
L252W,L,252,W
G105S,G,105,S
P191N,P,191,N
M169A,M,169,A
R273I,R,273,I
L145E,L,145,E
H178Q,H,178,Q
E224N,E,224,N
F270S,F,270,S
D207T,D,207,T
P142D,P,142,D
N268V,N,268,V
E221Q,E,221,Q
I255K,I,255,K
P8L,P,8,L
L265P,L,265,P
V197E,V,197,E
E294G,E,294,G
P278T,P,278,T
M243A,M,243,A
D281G,D,281,G
A129T,A,129,T
N288S,N,288,S
R273N,R,273,N
K139V,K,139,V
E271T,E,271,T
N268F,N,268,F
V216C,V,216,C
Y236Q,Y,236,Q
L206K,L,206,K
V272R,V,272,R
C176M,C,176,M
P250L,P,250,L
I255G,I,255,G
E294M,E,294,M
Y126G,Y,126,G
G279T,G,279,T
P191F,P,191,F
Y163I,Y,163,I
C275M,C,275,M
D208W,D,208,W
E258C,E,258,C
Q136L,Q,136,L
M160K,M,160,K
M243P,M,243,P
D208C,D,208,C
V272P,V,272,P
R158A,R,158,A
S227T,S,227,T
G293K,G,293,K
I251D,I,251,D
T150N,T,150,N
C238S,C,238,S
Q167E,Q,167,E
L289Y,L,289,Y
D281H,D,281,H
V173D,V,173,D
Y126A,Y,126,A
A189H,A,189,H
V217S,V,217,S
N268Q,N,268,Q
Y126F,Y,126,F
H233Q,H,233,Q
R175F,R,175,F
R174V,R,174,V
P295F,P,295,F
G199E,G,199,E
E298M,E,298,M
W146E,W,146,E
R196I,R,196,I
R174H,R,174,H
R196H,R,196,H
V173G,V,173,G
S260Y,S,260,Y
F134Q,F,134,Q
N239G,N,239,G
M243Y,M,243,Y
S261P,S,261,P
Y234K,Y,234,K
R290K,R,290,K
G226I,G,226,I
Y236S,Y,236,S
H214Y,H,214,Y
I195H,I,195,H
G199C,G,199,C
N200A,N,200,A
D148C,D,148,C
S261A,S,261,A
N131L,N,131,L
M237T,M,237,T
P295V,P,295,V
D184L,D,184,L
M246T,M,246,T
M243R,M,243,R
V272M,V,272,M
I254P,I,254,P
T256P,T,256,P
E294A,E,294,A
Q192V,Q,192,V
I162K,I,162,K
N263G,N,263,G
F270D,F,270,D
P295I,P,295,I
L194D,L,194,D
R158Q,R,158,Q
T304W,T,304,W
R283T,R,283,T
Q136A,Q,136,A
D148S,D,148,S
D259R,D,259,R
P128K,P,128,K
G262P,G,262,P
E287V,E,287,V
V203F,V,203,F
V274D,V,274,D
R337C,R,337,C
L201K,L,201,K
H297C,H,297,C
F270T,F,270,T
E298D,E,298,D
S240E,S,240,E
C238D,C,238,D
I232M,I,232,M
G302S,G,302,S
E180Q,E,180,Q
D48E,D,48,E
G293F,G,293,F
T150Q,T,150,Q
C141Q,C,141,Q
Q165H,Q,165,H
L137Q,L,137,Q
V274N,V,274,N
V172G,V,172,G
N263E,N,263,E
R290C,R,290,C
L188M,L,188,M
F134K,F,134,K
E286M,E,286,M
A138L,A,138,L
R158E,R,158,E
D259P,D,259,P
T284D,T,284,D
C141Y,C,141,Y
N263K,N,263,K
T155V,T,155,V
C238R,C,238,R
V217G,V,217,G
G154C,G,154,C
R306G,R,306,G
V218C,V,218,C
N210T,N,210,T
H168M,H,168,M
V217N,V,217,N
M169L,M,169,L
V143T,V,143,T
P278F,P,278,F
I232G,I,232,G
R283S,R,283,S
P301H,P,301,H
T211L,T,211,L
R209P,R,209,P
S240W,S,240,W
C229L,C,229,L
C238K,C,238,K
R282V,R,282,V
I255P,I,255,P
L145I,L,145,I
I195Y,I,195,Y
V203W,V,203,W
A63T,A,63,T
N200H,N,200,H
E198D,E,198,D
M169I,M,169,I
R202I,R,202,I
N200W,N,200,W
R267A,R,267,A
C229K,C,229,K
N235D,N,235,D
G59D,G,59,D
G262N,G,262,N
G279N,G,279,N
G262F,G,262,F
N235L,N,235,L
G154I,G,154,I
V157M,V,157,M
L201M,L,201,M
S303M,S,303,M
P278W,P,278,W
K132I,K,132,I
V274W,V,274,W
E286C,E,286,C
R248I,R,248,I
E171N,E,171,N
I232L,I,232,L
S127T,S,127,T
R248G,R,248,G
C238M,C,238,M
R158K,R,158,K
G356E,G,356,E
V122M,V,122,M
M246F,M,246,F
L299C,L,299,C
R156F,R,156,F
P223V,P,223,V
T304E,T,304,E
T155M,T,155,M
P222T,P,222,T
L137A,L,137,A
G293R,G,293,R
D281Y,D,281,Y
V203A,V,203,A
E221Y,E,221,Y
Q192W,Q,192,W
I251M,I,251,M
M246W,M,246,W
S260K,S,260,K
N210L,N,210,L
R156V,R,156,V
D207S,D,207,S
R306M,R,306,M
P151L,P,151,L
S260A,S,260,A
M160Y,M,160,Y
N263S,N,263,S
D259T,D,259,T
P295Q,P,295,Q
C277M,C,277,M
