Name,REF,ALT,POS,labels
A129C,A,C,129,0
A129D,A,D,129,0
A129E,A,E,129,0
A129F,A,F,129,0
A129G,A,G,129,0
A129H,A,H,129,0
A129I,A,I,129,0
A129K,A,K,129,0
A129L,A,L,129,0
A129M,A,M,129,0
A129N,A,N,129,0
A129P,A,P,129,0
A129Q,A,Q,129,0
A129R,A,R,129,0
A129S,A,S,129,0
A129T,A,T,129,0
A129V,A,V,129,0
A129W,A,W,129,0
A129Y,A,Y,129,0
A138C,A,C,138,1
A138D,A,D,138,1
A138E,A,E,138,1
A138F,A,F,138,1
A138G,A,G,138,0
A138H,A,H,138,0
A138I,A,I,138,1
A138K,A,K,138,0
A138L,A,L,138,1
A138M,A,M,138,0
A138N,A,N,138,0
A138P,A,P,138,1
A138Q,A,Q,138,0
A138R,A,R,138,0
A138S,A,S,138,0
A138T,A,T,138,1
A138V,A,V,138,1
A138W,A,W,138,1
A138Y,A,Y,138,1
A159C,A,C,159,0
A159D,A,D,159,1
A159E,A,E,159,1
A159F,A,F,159,1
A159G,A,G,159,1
A159H,A,H,159,1
A159I,A,I,159,1
A159K,A,K,159,1
A159L,A,L,159,1
A159M,A,M,159,1
A159N,A,N,159,1
A159P,A,P,159,1
A159Q,A,Q,159,1
A159R,A,R,159,1
A159S,A,S,159,1
A159T,A,T,159,0
A159V,A,V,159,1
A159W,A,W,159,1
A159Y,A,Y,159,1
A161C,A,C,161,0
A161D,A,D,161,1
A161E,A,E,161,1
A161F,A,F,161,1
A161G,A,G,161,1
A161H,A,H,161,1
A161I,A,I,161,1
A161K,A,K,161,1
A161L,A,L,161,1
A161M,A,M,161,1
A161N,A,N,161,1
A161P,A,P,161,1
A161Q,A,Q,161,1
A161R,A,R,161,1
A161S,A,S,161,1
A161T,A,T,161,1
A161V,A,V,161,1
A161W,A,W,161,1
A161Y,A,Y,161,1
A189C,A,C,189,0
A189D,A,D,189,1
A189E,A,E,189,1
A189F,A,F,189,0
A189G,A,G,189,1
A189H,A,H,189,0
A189I,A,I,189,0
A189K,A,K,189,1
A189L,A,L,189,1
A189M,A,M,189,0
A189N,A,N,189,1
A189P,A,P,189,1
A189Q,A,Q,189,1
A189R,A,R,189,1
A189S,A,S,189,0
A189T,A,T,189,0
A189V,A,V,189,0
A189W,A,W,189,0
A189Y,A,Y,189,1
A276C,A,C,276,1
A276D,A,D,276,1
A276E,A,E,276,1
A276F,A,F,276,1
A276G,A,G,276,1
A276H,A,H,276,1
A276I,A,I,276,1
A276K,A,K,276,1
A276L,A,L,276,1
A276M,A,M,276,1
A276N,A,N,276,1
A276P,A,P,276,1
A276Q,A,Q,276,1
A276R,A,R,276,1
A276S,A,S,276,0
A276T,A,T,276,1
A276V,A,V,276,1
A276W,A,W,276,1
A276Y,A,Y,276,1
A307P,A,P,307,0
A307S,A,S,307,0
A307T,A,T,307,0
A347D,A,D,347,1
A347G,A,G,347,0
A355T,A,T,355,0
A63G,A,G,63,0
A63T,A,T,63,0
A63V,A,V,63,0
A74V,A,V,74,0
A76G,A,G,76,0
A84T,A,T,84,0
C124S,C,S,124,0
C135A,C,A,135,0
C135D,C,D,135,1
C135E,C,E,135,1
C135F,C,F,135,1
C135G,C,G,135,1
C135H,C,H,135,1
C135I,C,I,135,0
C135K,C,K,135,1
C135L,C,L,135,1
C135M,C,M,135,1
C135N,C,N,135,1
C135P,C,P,135,1
C135Q,C,Q,135,1
C135R,C,R,135,1
C135S,C,S,135,1
C135T,C,T,135,0
C135V,C,V,135,0
C135W,C,W,135,1
C135Y,C,Y,135,1
C141A,C,A,141,0
C141D,C,D,141,1
C141E,C,E,141,1
C141F,C,F,141,1
C141G,C,G,141,1
C141H,C,H,141,1
C141I,C,I,141,0
C141K,C,K,141,1
C141L,C,L,141,1
C141M,C,M,141,1
C141N,C,N,141,1
C141P,C,P,141,1
C141Q,C,Q,141,1
C141R,C,R,141,1
C141S,C,S,141,1
C141T,C,T,141,0
C141V,C,V,141,0
C141W,C,W,141,1
C141Y,C,Y,141,1
C176A,C,A,176,1
C176D,C,D,176,1
C176E,C,E,176,1
C176F,C,F,176,1
C176G,C,G,176,1
C176H,C,H,176,1
C176I,C,I,176,1
C176K,C,K,176,1
C176L,C,L,176,1
C176M,C,M,176,1
C176N,C,N,176,1
C176P,C,P,176,1
C176Q,C,Q,176,1
C176R,C,R,176,1
C176S,C,S,176,1
C176T,C,T,176,1
C176V,C,V,176,1
C176W,C,W,176,1
C176Y,C,Y,176,1
C182A,C,A,182,0
C182D,C,D,182,0
C182E,C,E,182,0
C182F,C,F,182,0
C182G,C,G,182,0
C182H,C,H,182,0
C182I,C,I,182,0
C182K,C,K,182,0
C182L,C,L,182,0
C182M,C,M,182,0
C182N,C,N,182,0
C182P,C,P,182,1
C182Q,C,Q,182,0
C182R,C,R,182,0
C182S,C,S,182,0
C182T,C,T,182,0
C182V,C,V,182,0
C182W,C,W,182,0
C182Y,C,Y,182,0
C229A,C,A,229,0
C229D,C,D,229,1
C229E,C,E,229,1
C229F,C,F,229,0
C229G,C,G,229,1
C229H,C,H,229,0
C229I,C,I,229,1
C229K,C,K,229,1
C229L,C,L,229,1
C229M,C,M,229,1
C229N,C,N,229,1
C229P,C,P,229,1
C229Q,C,Q,229,1
C229R,C,R,229,1
C229S,C,S,229,0
C229T,C,T,229,1
C229V,C,V,229,0
C229W,C,W,229,0
C229Y,C,Y,229,0
C238A,C,A,238,1
C238D,C,D,238,1
C238E,C,E,238,1
C238F,C,F,238,1
C238G,C,G,238,1
C238H,C,H,238,1
C238I,C,I,238,1
C238K,C,K,238,1
C238L,C,L,238,1
C238M,C,M,238,1
C238N,C,N,238,1
C238P,C,P,238,1
C238Q,C,Q,238,1
C238R,C,R,238,1
C238S,C,S,238,1
C238T,C,T,238,1
C238V,C,V,238,1
C238W,C,W,238,1
C238Y,C,Y,238,1
C242A,C,A,242,1
C242D,C,D,242,1
C242E,C,E,242,1
C242F,C,F,242,1
C242G,C,G,242,1
C242H,C,H,242,1
C242I,C,I,242,1
C242K,C,K,242,1
C242L,C,L,242,1
C242M,C,M,242,1
C242N,C,N,242,1
C242P,C,P,242,1
C242Q,C,Q,242,1
C242R,C,R,242,1
C242S,C,S,242,1
C242T,C,T,242,1
C242V,C,V,242,1
C242W,C,W,242,1
C242Y,C,Y,242,1
C275A,C,A,275,1
C275D,C,D,275,1
C275E,C,E,275,1
C275F,C,F,275,1
C275G,C,G,275,1
C275H,C,H,275,1
C275I,C,I,275,1
C275K,C,K,275,1
C275L,C,L,275,1
C275M,C,M,275,1
C275N,C,N,275,1
C275P,C,P,275,1
C275Q,C,Q,275,1
C275R,C,R,275,1
C275S,C,S,275,1
C275T,C,T,275,1
C275V,C,V,275,1
C275W,C,W,275,1
C275Y,C,Y,275,1
C277A,C,A,277,1
C277D,C,D,277,1
C277E,C,E,277,1
C277F,C,F,277,1
C277G,C,G,277,1
C277H,C,H,277,0
C277I,C,I,277,1
C277K,C,K,277,0
C277L,C,L,277,1
C277M,C,M,277,1
C277N,C,N,277,0
C277P,C,P,277,1
C277Q,C,Q,277,1
C277R,C,R,277,0
C277T,C,T,277,1
C277V,C,V,277,0
C277W,C,W,277,0
C277Y,C,Y,277,1
D148A,D,A,148,0
D148C,D,C,148,0
D148E,D,E,148,0
D148F,D,F,148,1
D148G,D,G,148,0
D148H,D,H,148,0
D148I,D,I,148,1
D148K,D,K,148,0
D148L,D,L,148,1
D148M,D,M,148,0
D148N,D,N,148,0
D148P,D,P,148,1
D148Q,D,Q,148,0
D148R,D,R,148,0
D148S,D,S,148,0
D148T,D,T,148,0
D148V,D,V,148,0
D148W,D,W,148,1
D148Y,D,Y,148,1
D184A,D,A,184,0
D184C,D,C,184,1
D184E,D,E,184,0
D184F,D,F,184,0
D184G,D,G,184,0
D184H,D,H,184,0
D184I,D,I,184,0
D184K,D,K,184,0
D184L,D,L,184,0
D184M,D,M,184,0
D184N,D,N,184,0
D184P,D,P,184,0
D184Q,D,Q,184,0
D184R,D,R,184,0
D184S,D,S,184,1
D184T,D,T,184,0
D184V,D,V,184,0
D184W,D,W,184,0
D184Y,D,Y,184,0
D186A,D,A,186,0
D186C,D,C,186,1
D186E,D,E,186,0
D186F,D,F,186,0
D186G,D,G,186,0
D186H,D,H,186,0
D186I,D,I,186,0
D186K,D,K,186,0
D186L,D,L,186,0
D186M,D,M,186,0
D186N,D,N,186,0
D186P,D,P,186,0
D186Q,D,Q,186,0
D186R,D,R,186,0
D186S,D,S,186,0
D186T,D,T,186,0
D186V,D,V,186,0
D186W,D,W,186,0
D186Y,D,Y,186,0
D207A,D,A,207,0
D207C,D,C,207,0
D207E,D,E,207,0
D207F,D,F,207,0
D207G,D,G,207,1
D207H,D,H,207,0
D207I,D,I,207,0
D207K,D,K,207,0
D207L,D,L,207,0
D207M,D,M,207,0
D207N,D,N,207,0
D207P,D,P,207,1
D207Q,D,Q,207,0
D207R,D,R,207,0
D207S,D,S,207,0
D207T,D,T,207,0
D207V,D,V,207,0
D207W,D,W,207,0
D207Y,D,Y,207,0
D208A,D,A,208,0
D208C,D,C,208,0
D208E,D,E,208,1
D208F,D,F,208,1
D208G,D,G,208,1
D208H,D,H,208,1
D208I,D,I,208,1
D208K,D,K,208,1
D208L,D,L,208,1
D208M,D,M,208,1
D208N,D,N,208,0
D208P,D,P,208,1
D208Q,D,Q,208,1
D208R,D,R,208,1
D208S,D,S,208,1
D208T,D,T,208,1
D208V,D,V,208,1
D208W,D,W,208,0
D208Y,D,Y,208,0
D228A,D,A,228,0
D228C,D,C,228,0
D228E,D,E,228,0
D228F,D,F,228,0
D228G,D,G,228,0
D228H,D,H,228,0
D228I,D,I,228,1
D228K,D,K,228,0
D228L,D,L,228,0
D228M,D,M,228,0
D228N,D,N,228,0
D228P,D,P,228,0
D228Q,D,Q,228,0
D228R,D,R,228,0
D228S,D,S,228,0
D228T,D,T,228,0
D228V,D,V,228,0
D228W,D,W,228,1
D228Y,D,Y,228,0
D259A,D,A,259,1
D259C,D,C,259,1
D259E,D,E,259,1
D259F,D,F,259,1
D259G,D,G,259,1
D259H,D,H,259,1
D259I,D,I,259,1
D259K,D,K,259,1
D259L,D,L,259,1
D259M,D,M,259,1
D259N,D,N,259,1
D259P,D,P,259,1
D259Q,D,Q,259,1
D259R,D,R,259,1
D259S,D,S,259,0
D259T,D,T,259,0
D259V,D,V,259,1
D259W,D,W,259,1
D259Y,D,Y,259,1
D281A,D,A,281,1
D281C,D,C,281,1
D281E,D,E,281,1
D281F,D,F,281,1
D281G,D,G,281,1
D281H,D,H,281,1
D281I,D,I,281,1
D281K,D,K,281,1
D281L,D,L,281,1
D281M,D,M,281,1
D281N,D,N,281,1
D281P,D,P,281,1
D281Q,D,Q,281,1
D281R,D,R,281,1
D281S,D,S,281,1
D281T,D,T,281,1
D281V,D,V,281,1
D281W,D,W,281,1
D281Y,D,Y,281,1
D324E,D,E,324,0
D324N,D,N,324,0
D393Y,D,Y,393,0
D48E,D,E,48,0
D48G,D,G,48,0
D49H,D,H,49,0
D49N,D,N,49,0
D57V,D,V,57,0
D7E,D,E,7,0
E171A,E,A,171,0
E171C,E,C,171,0
E171F,E,F,171,1
E171G,E,G,171,1
E171H,E,H,171,0
E171I,E,I,171,1
E171K,E,K,171,0
E171L,E,L,171,1
E171M,E,M,171,1
E171N,E,N,171,1
E171P,E,P,171,1
E171Q,E,Q,171,0
E171R,E,R,171,1
E171S,E,S,171,0
E171T,E,T,171,0
E171V,E,V,171,1
E171W,E,W,171,1
E171Y,E,Y,171,1
E180A,E,A,180,0
E180C,E,C,180,1
E180D,E,D,180,1
E180F,E,F,180,1
E180G,E,G,180,1
E180H,E,H,180,1
E180I,E,I,180,1
E180K,E,K,180,1
E180L,E,L,180,1
E180M,E,M,180,0
E180N,E,N,180,1
E180P,E,P,180,1
E180Q,E,Q,180,1
E180R,E,R,180,1
E180S,E,S,180,0
E180T,E,T,180,0
E180V,E,V,180,1
E180W,E,W,180,1
E180Y,E,Y,180,1
E198A,E,A,198,0
E198C,E,C,198,0
E198D,E,D,198,0
E198F,E,F,198,1
E198G,E,G,198,0
E198H,E,H,198,0
E198I,E,I,198,0
E198K,E,K,198,0
E198L,E,L,198,1
E198M,E,M,198,0
E198N,E,N,198,0
E198P,E,P,198,0
E198Q,E,Q,198,0
E198R,E,R,198,0
E198S,E,S,198,0
E198T,E,T,198,0
E198V,E,V,198,0
E198W,E,W,198,1
E198Y,E,Y,198,0
E204A,E,A,204,0
E204C,E,C,204,0
E204D,E,D,204,0
E204F,E,F,204,1
E204G,E,G,204,1
E204H,E,H,204,0
E204I,E,I,204,0
E204K,E,K,204,0
E204L,E,L,204,0
E204M,E,M,204,0
E204N,E,N,204,0
E204P,E,P,204,1
E204Q,E,Q,204,0
E204R,E,R,204,0
E204S,E,S,204,0
E204T,E,T,204,0
E204V,E,V,204,0
E204W,E,W,204,0
E204Y,E,Y,204,1
E221A,E,A,221,0
E221C,E,C,221,0
E221D,E,D,221,0
E221F,E,F,221,0
E221G,E,G,221,1
E221H,E,H,221,0
E221I,E,I,221,0
E221K,E,K,221,0
E221L,E,L,221,0
E221M,E,M,221,0
E221N,E,N,221,0
E221P,E,P,221,1
E221Q,E,Q,221,0
E221R,E,R,221,0
E221S,E,S,221,0
E221T,E,T,221,0
E221V,E,V,221,0
E221W,E,W,221,1
E221Y,E,Y,221,0
E224A,E,A,224,1
E224C,E,C,224,1
E224D,E,D,224,1
E224F,E,F,224,1
E224G,E,G,224,0
E224H,E,H,224,1
E224I,E,I,224,1
E224K,E,K,224,0
E224L,E,L,224,0
E224M,E,M,224,0
E224N,E,N,224,1
E224P,E,P,224,0
E224Q,E,Q,224,0
E224R,E,R,224,1
E224S,E,S,224,0
E224T,E,T,224,0
E224V,E,V,224,1
E224W,E,W,224,1
E224Y,E,Y,224,1
E258A,E,A,258,1
E258C,E,C,258,1
E258D,E,D,258,1
E258F,E,F,258,1
E258G,E,G,258,1
E258H,E,H,258,1
E258I,E,I,258,1
E258K,E,K,258,1
E258L,E,L,258,1
E258N,E,N,258,1
E258P,E,P,258,1
E258Q,E,Q,258,1
E258R,E,R,258,1
E258S,E,S,258,1
E258T,E,T,258,1
E258V,E,V,258,1
E258Y,E,Y,258,1
E271A,E,A,271,1
E271C,E,C,271,1
E271D,E,D,271,0
E271F,E,F,271,1
E271G,E,G,271,1
E271H,E,H,271,1
E271I,E,I,271,1
E271K,E,K,271,1
E271L,E,L,271,1
E271M,E,M,271,1
E271N,E,N,271,0
E271P,E,P,271,1
E271Q,E,Q,271,1
E271R,E,R,271,1
E271S,E,S,271,1
E271T,E,T,271,1
E271V,E,V,271,1
E271W,E,W,271,1
E271Y,E,Y,271,1
E285A,E,A,285,0
E285C,E,C,285,1
E285F,E,F,285,1
E285G,E,G,285,1
E285H,E,H,285,1
E285I,E,I,285,1
E285K,E,K,285,1
E285L,E,L,285,1
E285M,E,M,285,1
E285N,E,N,285,1
E285P,E,P,285,1
E285Q,E,Q,285,0
E285R,E,R,285,1
E285S,E,S,285,1
E285T,E,T,285,1
E285V,E,V,285,1
E285W,E,W,285,1
E285Y,E,Y,285,1
E286A,E,A,286,1
E286C,E,C,286,1
E286D,E,D,286,1
E286F,E,F,286,1
E286G,E,G,286,1
E286H,E,H,286,1
E286I,E,I,286,1
E286K,E,K,286,1
E286L,E,L,286,1
E286M,E,M,286,1
E286N,E,N,286,1
E286P,E,P,286,1
E286Q,E,Q,286,1
E286R,E,R,286,1
E286S,E,S,286,1
E286T,E,T,286,1
E286V,E,V,286,1
E286W,E,W,286,1
E286Y,E,Y,286,1
E287A,E,A,287,0
E287C,E,C,287,0
E287D,E,D,287,0
E287F,E,F,287,0
E287G,E,G,287,0
E287H,E,H,287,0
E287I,E,I,287,0
E287K,E,K,287,0
E287L,E,L,287,0
E287M,E,M,287,0
E287N,E,N,287,0
E287P,E,P,287,1
E287Q,E,Q,287,0
E287R,E,R,287,0
E287S,E,S,287,0
E287T,E,T,287,0
E287V,E,V,287,0
E287W,E,W,287,0
E287Y,E,Y,287,0
E294A,E,A,294,0
E294C,E,C,294,0
E294D,E,D,294,0
E294F,E,F,294,0
E294G,E,G,294,0
E294H,E,H,294,0
E294I,E,I,294,0
E294K,E,K,294,0
E294L,E,L,294,0
E294M,E,M,294,0
E294N,E,N,294,0
E294P,E,P,294,0
E294Q,E,Q,294,0
E294R,E,R,294,0
E294S,E,S,294,0
E294T,E,T,294,0
E294V,E,V,294,0
E294W,E,W,294,0
E294Y,E,Y,294,0
E298A,E,A,298,0
E298C,E,C,298,0
E298D,E,D,298,0
E298F,E,F,298,0
E298G,E,G,298,0
E298H,E,H,298,0
E298I,E,I,298,0
E298K,E,K,298,0
E298L,E,L,298,0
E298M,E,M,298,0
E298N,E,N,298,0
E298P,E,P,298,0
E298Q,E,Q,298,0
E298R,E,R,298,0
E298S,E,S,298,0
E298T,E,T,298,0
E298V,E,V,298,0
E298W,E,W,298,0
E298Y,E,Y,298,0
E326V,E,V,326,1
E336Q,E,Q,336,0
E339Q,E,Q,339,0
E343D,E,D,343,0
E349G,E,G,349,0
E388A,E,A,388,0
E388D,E,D,388,0
E388Q,E,Q,388,0
F109C,F,C,109,1
F109I,F,I,109,1
F113C,F,C,113,1
F113I,F,I,113,1
F113L,F,L,113,1
F134A,F,A,134,1
F134C,F,C,134,1
F134D,F,D,134,1
F134E,F,E,134,1
F134G,F,G,134,1
F134H,F,H,134,1
F134I,F,I,134,1
F134K,F,K,134,1
F134L,F,L,134,1
F134M,F,M,134,1
F134N,F,N,134,1
F134P,F,P,134,1
F134Q,F,Q,134,1
F134R,F,R,134,1
F134S,F,S,134,1
F134T,F,T,134,1
F134V,F,V,134,1
F134W,F,W,134,1
F134Y,F,Y,134,0
F212A,F,A,212,0
F212C,F,C,212,0
F212D,F,D,212,0
F212E,F,E,212,0
F212G,F,G,212,0
F212H,F,H,212,0
F212I,F,I,212,1
F212K,F,K,212,0
F212L,F,L,212,0
F212M,F,M,212,0
F212N,F,N,212,0
F212P,F,P,212,1
F212Q,F,Q,212,0
F212R,F,R,212,0
F212S,F,S,212,0
F212T,F,T,212,0
F212V,F,V,212,1
F212W,F,W,212,0
F212Y,F,Y,212,0
F270A,F,A,270,1
F270C,F,C,270,1
F270D,F,D,270,1
F270E,F,E,270,1
F270G,F,G,270,1
F270H,F,H,270,1
F270I,F,I,270,1
F270K,F,K,270,1
F270L,F,L,270,1
F270M,F,M,270,1
F270N,F,N,270,1
F270P,F,P,270,1
F270Q,F,Q,270,1
F270R,F,R,270,1
F270S,F,S,270,1
F270T,F,T,270,1
F270V,F,V,270,1
F270W,F,W,270,1
F270Y,F,Y,270,0
F341L,F,L,341,0
F341S,F,S,341,1
F385L,F,L,385,0
G105R,G,R,105,1
G105S,G,S,105,1
G108S,G,S,108,0
G154A,G,A,154,1
G154C,G,C,154,1
G154D,G,D,154,0
G154E,G,E,154,0
G154F,G,F,154,1
G154H,G,H,154,0
G154I,G,I,154,1
G154K,G,K,154,1
G154L,G,L,154,1
G154M,G,M,154,0
G154N,G,N,154,0
G154P,G,P,154,1
G154Q,G,Q,154,1
G154R,G,R,154,1
G154S,G,S,154,0
G154T,G,T,154,1
G154V,G,V,154,1
G154W,G,W,154,1
G154Y,G,Y,154,1
G187A,G,A,187,1
G187C,G,C,187,1
G187E,G,E,187,1
G187R,G,R,187,1
G187S,G,S,187,1
G187V,G,V,187,1
G199A,G,A,199,0
G199C,G,C,199,1
G199D,G,D,199,1
G199E,G,E,199,1
G199F,G,F,199,1
G199H,G,H,199,0
G199I,G,I,199,1
G199K,G,K,199,0
G199L,G,L,199,1
G199M,G,M,199,1
G199N,G,N,199,0
G199P,G,P,199,1
G199Q,G,Q,199,0
G199R,G,R,199,0
G199S,G,S,199,0
G199T,G,T,199,1
G199V,G,V,199,1
G199W,G,W,199,1
G199Y,G,Y,199,1
G226A,G,A,226,0
G226C,G,C,226,1
G226D,G,D,226,0
G226E,G,E,226,0
G226F,G,F,226,0
G226H,G,H,226,0
G226I,G,I,226,0
G226K,G,K,226,0
G226L,G,L,226,0
G226M,G,M,226,0
G226N,G,N,226,0
G226P,G,P,226,0
G226Q,G,Q,226,0
G226R,G,R,226,0
G226S,G,S,226,0
G226T,G,T,226,0
G226V,G,V,226,0
G226W,G,W,226,0
G226Y,G,Y,226,0
G244A,G,A,244,1
G244C,G,C,244,1
G244D,G,D,244,1
G244E,G,E,244,1
G244F,G,F,244,1
G244H,G,H,244,1
G244I,G,I,244,1
G244K,G,K,244,1
G244L,G,L,244,1
G244M,G,M,244,1
G244N,G,N,244,1
G244P,G,P,244,1
G244Q,G,Q,244,1
G244R,G,R,244,1
G244S,G,S,244,1
G244T,G,T,244,1
G244V,G,V,244,1
G244W,G,W,244,1
G244Y,G,Y,244,1
G245A,G,A,245,1
G245C,G,C,245,1
G245D,G,D,245,1
G245E,G,E,245,1
G245F,G,F,245,1
G245H,G,H,245,1
G245I,G,I,245,1
G245K,G,K,245,1
G245L,G,L,245,1
G245M,G,M,245,1
G245N,G,N,245,1
G245P,G,P,245,1
G245Q,G,Q,245,1
G245R,G,R,245,1
G245S,G,S,245,1
G245T,G,T,245,1
G245V,G,V,245,1
G245W,G,W,245,1
G245Y,G,Y,245,1
G262A,G,A,262,1
G262C,G,C,262,0
G262D,G,D,262,1
G262E,G,E,262,1
G262F,G,F,262,1
G262H,G,H,262,1
G262I,G,I,262,1
G262K,G,K,262,1
G262L,G,L,262,1
G262M,G,M,262,1
G262N,G,N,262,0
G262P,G,P,262,1
G262Q,G,Q,262,1
G262R,G,R,262,1
G262S,G,S,262,1
G262T,G,T,262,1
G262V,G,V,262,1
G262W,G,W,262,1
G262Y,G,Y,262,1
G266A,G,A,266,0
G266C,G,C,266,1
G266D,G,D,266,1
G266E,G,E,266,1
G266F,G,F,266,1
G266H,G,H,266,1
G266I,G,I,266,1
G266K,G,K,266,1
G266L,G,L,266,1
G266M,G,M,266,1
G266N,G,N,266,1
G266P,G,P,266,1
G266Q,G,Q,266,1
G266R,G,R,266,1
G266S,G,S,266,1
G266T,G,T,266,1
G266V,G,V,266,1
G266W,G,W,266,1
G266Y,G,Y,266,1
G279A,G,A,279,1
G279C,G,C,279,1
G279D,G,D,279,1
G279E,G,E,279,1
G279F,G,F,279,1
G279H,G,H,279,1
G279I,G,I,279,1
G279K,G,K,279,0
G279L,G,L,279,1
G279M,G,M,279,1
G279N,G,N,279,1
G279P,G,P,279,1
G279Q,G,Q,279,0
G279R,G,R,279,0
G279S,G,S,279,1
G279T,G,T,279,0
G279V,G,V,279,0
G279W,G,W,279,0
G279Y,G,Y,279,1
G293A,G,A,293,0
G293C,G,C,293,0
G293D,G,D,293,0
G293E,G,E,293,0
G293F,G,F,293,0
G293H,G,H,293,0
G293I,G,I,293,0
G293K,G,K,293,0
G293L,G,L,293,0
G293M,G,M,293,0
G293N,G,N,293,0
G293P,G,P,293,0
G293Q,G,Q,293,0
G293R,G,R,293,0
G293S,G,S,293,0
G293T,G,T,293,0
G293V,G,V,293,0
G293W,G,W,293,0
G293Y,G,Y,293,0
G302A,G,A,302,0
G302C,G,C,302,1
G302D,G,D,302,0
G302E,G,E,302,0
G302F,G,F,302,0
G302H,G,H,302,0
G302I,G,I,302,0
G302K,G,K,302,0
G302L,G,L,302,0
G302M,G,M,302,0
G302N,G,N,302,0
G302P,G,P,302,0
G302Q,G,Q,302,0
G302R,G,R,302,0
G302S,G,S,302,0
G302T,G,T,302,0
G302V,G,V,302,0
G302W,G,W,302,0
G302Y,G,Y,302,0
G334W,G,W,334,1
G356E,G,E,356,0
G356R,G,R,356,0
G360A,G,A,360,0
G374R,G,R,374,0
G374V,G,V,374,0
G59D,G,D,59,0
H115R,H,R,115,0
H168A,H,A,168,1
H168C,H,C,168,0
H168D,H,D,168,1
H168E,H,E,168,1
H168F,H,F,168,0
H168G,H,G,168,1
H168I,H,I,168,1
H168K,H,K,168,1
H168L,H,L,168,1
H168M,H,M,168,1
H168N,H,N,168,1
H168P,H,P,168,1
H168Q,H,Q,168,1
H168R,H,R,168,1
H168S,H,S,168,0
H168T,H,T,168,1
H168V,H,V,168,1
H168W,H,W,168,0
H168Y,H,Y,168,0
H178A,H,A,178,1
H178C,H,C,178,1
H178D,H,D,178,1
H178E,H,E,178,1
H178F,H,F,178,0
H178G,H,G,178,1
H178I,H,I,178,1
H178K,H,K,178,1
H178L,H,L,178,0
H178M,H,M,178,1
H178N,H,N,178,1
H178P,H,P,178,1
H178Q,H,Q,178,1
H178R,H,R,178,1
H178S,H,S,178,1
H178T,H,T,178,1
H178V,H,V,178,0
H178W,H,W,178,0
H178Y,H,Y,178,0
H179A,H,A,179,1
H179C,H,C,179,1
H179D,H,D,179,1
H179E,H,E,179,1
H179F,H,F,179,1
H179G,H,G,179,1
H179I,H,I,179,1
H179K,H,K,179,1
H179L,H,L,179,1
H179M,H,M,179,1
H179N,H,N,179,1
H179P,H,P,179,1
H179Q,H,Q,179,1
H179R,H,R,179,1
H179S,H,S,179,1
H179T,H,T,179,1
H179V,H,V,179,1
H179W,H,W,179,1
H179Y,H,Y,179,1
H193A,H,A,193,1
H193C,H,C,193,1
H193D,H,D,193,1
H193E,H,E,193,1
H193F,H,F,193,1
H193G,H,G,193,1
H193I,H,I,193,1
H193K,H,K,193,1
H193L,H,L,193,1
H193M,H,M,193,1
H193N,H,N,193,1
H193P,H,P,193,1
H193Q,H,Q,193,1
H193R,H,R,193,1
H193S,H,S,193,1
H193T,H,T,193,1
H193V,H,V,193,1
H193W,H,W,193,1
H193Y,H,Y,193,1
H214A,H,A,214,1
H214C,H,C,214,1
H214D,H,D,214,1
H214E,H,E,214,1
H214F,H,F,214,1
H214G,H,G,214,1
H214I,H,I,214,1
H214K,H,K,214,1
H214L,H,L,214,1
H214M,H,M,214,0
H214N,H,N,214,1
H214P,H,P,214,1
H214Q,H,Q,214,0
H214R,H,R,214,1
H214S,H,S,214,1
H214T,H,T,214,1
H214V,H,V,214,1
H214W,H,W,214,1
H214Y,H,Y,214,1
H233A,H,A,233,0
H233C,H,C,233,0
H233D,H,D,233,1
H233E,H,E,233,1
H233F,H,F,233,0
H233G,H,G,233,1
H233I,H,I,233,1
H233K,H,K,233,1
H233L,H,L,233,0
H233M,H,M,233,0
H233N,H,N,233,0
H233P,H,P,233,0
H233Q,H,Q,233,1
H233R,H,R,233,0
H233S,H,S,233,0
H233T,H,T,233,0
H233V,H,V,233,0
H233W,H,W,233,0
H233Y,H,Y,233,0
H296A,H,A,296,0
H296C,H,C,296,0
H296D,H,D,296,0
H296E,H,E,296,0
H296F,H,F,296,0
H296G,H,G,296,0
H296I,H,I,296,0
H296K,H,K,296,0
H296L,H,L,296,0
H296M,H,M,296,0
H296N,H,N,296,0
H296P,H,P,296,0
H296Q,H,Q,296,0
H296S,H,S,296,0
H296T,H,T,296,0
H296V,H,V,296,0
H296W,H,W,296,0
H296Y,H,Y,296,0
H297A,H,A,297,0
H297C,H,C,297,0
H297D,H,D,297,0
H297E,H,E,297,0
H297F,H,F,297,0
H297G,H,G,297,0
H297I,H,I,297,1
H297K,H,K,297,0
H297L,H,L,297,0
H297M,H,M,297,0
H297N,H,N,297,0
H297P,H,P,297,0
H297Q,H,Q,297,0
H297R,H,R,297,0
H297S,H,S,297,0
H297T,H,T,297,0
H297V,H,V,297,0
H297W,H,W,297,0
H297Y,H,Y,297,0
H365Y,H,Y,365,0
I162A,I,A,162,1
I162C,I,C,162,0
I162D,I,D,162,1
I162E,I,E,162,1
I162F,I,F,162,1
I162G,I,G,162,1
I162H,I,H,162,1
I162K,I,K,162,1
I162L,I,L,162,0
I162M,I,M,162,0
I162N,I,N,162,1
I162P,I,P,162,1
I162Q,I,Q,162,1
I162R,I,R,162,1
I162S,I,S,162,1
I162T,I,T,162,1
I162V,I,V,162,0
I162W,I,W,162,1
I162Y,I,Y,162,1
I195A,I,A,195,1
I195C,I,C,195,1
I195D,I,D,195,1
I195E,I,E,195,1
I195F,I,F,195,1
I195G,I,G,195,1
I195H,I,H,195,1
I195K,I,K,195,1
I195L,I,L,195,0
I195M,I,M,195,0
I195N,I,N,195,1
I195P,I,P,195,1
I195Q,I,Q,195,1
I195R,I,R,195,1
I195S,I,S,195,1
I195T,I,T,195,1
I195V,I,V,195,0
I195W,I,W,195,1
I195Y,I,Y,195,1
I232A,I,A,232,1
I232C,I,C,232,1
I232D,I,D,232,1
I232E,I,E,232,1
I232F,I,F,232,1
I232G,I,G,232,1
I232H,I,H,232,1
I232K,I,K,232,1
I232L,I,L,232,0
I232M,I,M,232,1
I232N,I,N,232,1
I232P,I,P,232,1
I232Q,I,Q,232,1
I232R,I,R,232,1
I232S,I,S,232,1
I232T,I,T,232,1
I232V,I,V,232,0
I232W,I,W,232,1
I232Y,I,Y,232,1
I251A,I,A,251,1
I251C,I,C,251,1
I251D,I,D,251,1
I251E,I,E,251,1
I251F,I,F,251,1
I251G,I,G,251,1
I251H,I,H,251,1
I251K,I,K,251,1
I251L,I,L,251,1
I251M,I,M,251,1
I251N,I,N,251,1
I251P,I,P,251,1
I251Q,I,Q,251,1
I251R,I,R,251,1
I251S,I,S,251,1
I251T,I,T,251,1
I251V,I,V,251,1
I251W,I,W,251,1
I251Y,I,Y,251,1
I254A,I,A,254,1
I254C,I,C,254,1
I254D,I,D,254,1
I254E,I,E,254,1
I254F,I,F,254,1
I254G,I,G,254,1
I254H,I,H,254,1
I254K,I,K,254,1
I254L,I,L,254,0
I254M,I,M,254,1
I254N,I,N,254,1
I254P,I,P,254,1
I254Q,I,Q,254,1
I254R,I,R,254,1
I254S,I,S,254,1
I254T,I,T,254,1
I254V,I,V,254,0
I254W,I,W,254,1
I254Y,I,Y,254,1
I255A,I,A,255,1
I255C,I,C,255,1
I255D,I,D,255,1
I255E,I,E,255,1
I255F,I,F,255,1
I255G,I,G,255,1
I255H,I,H,255,1
I255K,I,K,255,1
I255L,I,L,255,0
I255M,I,M,255,1
I255N,I,N,255,1
I255P,I,P,255,1
I255Q,I,Q,255,1
I255R,I,R,255,1
I255S,I,S,255,1
I255T,I,T,255,1
I255V,I,V,255,0
I255W,I,W,255,1
I255Y,I,Y,255,1
I332N,I,N,332,1
I50T,I,T,50,0
K132A,K,A,132,1
K132C,K,C,132,1
K132D,K,D,132,1
K132E,K,E,132,1
K132F,K,F,132,1
K132G,K,G,132,1
K132H,K,H,132,1
K132I,K,I,132,1
K132L,K,L,132,1
K132M,K,M,132,1
K132N,K,N,132,1
K132P,K,P,132,1
K132Q,K,Q,132,1
K132R,K,R,132,1
K132S,K,S,132,1
K132T,K,T,132,1
K132V,K,V,132,1
K132W,K,W,132,1
K132Y,K,Y,132,1
K139A,K,A,139,1
K139C,K,C,139,1
K139D,K,D,139,1
K139E,K,E,139,1
K139F,K,F,139,1
K139G,K,G,139,1
K139H,K,H,139,1
K139I,K,I,139,1
K139L,K,L,139,1
K139M,K,M,139,1
K139N,K,N,139,1
K139P,K,P,139,1
K139Q,K,Q,139,1
K139R,K,R,139,0
K139S,K,S,139,1
K139T,K,T,139,1
K139V,K,V,139,1
K139W,K,W,139,1
K139Y,K,Y,139,1
K164A,K,A,164,0
K164C,K,C,164,1
K164D,K,D,164,1
K164E,K,E,164,1
K164F,K,F,164,1
K164G,K,G,164,1
K164H,K,H,164,1
K164I,K,I,164,1
K164L,K,L,164,1
K164M,K,M,164,1
K164N,K,N,164,1
K164P,K,P,164,1
K164Q,K,Q,164,1
K164R,K,R,164,0
K164S,K,S,164,1
K164T,K,T,164,1
K164V,K,V,164,1
K164W,K,W,164,1
K164Y,K,Y,164,1
K291A,K,A,291,0
K291C,K,C,291,0
K291D,K,D,291,1
K291E,K,E,291,0
K291F,K,F,291,0
K291G,K,G,291,0
K291H,K,H,291,0
K291I,K,I,291,0
K291L,K,L,291,0
K291M,K,M,291,0
K291N,K,N,291,0
K291P,K,P,291,0
K291Q,K,Q,291,0
K291R,K,R,291,0
K291S,K,S,291,0
K291T,K,T,291,0
K291V,K,V,291,0
K291W,K,W,291,0
K291Y,K,Y,291,0
K292A,K,A,292,0
K292C,K,C,292,0
K292D,K,D,292,0
K292E,K,E,292,0
K292F,K,F,292,0
K292G,K,G,292,0
K292H,K,H,292,0
K292I,K,I,292,0
K292L,K,L,292,0
K292M,K,M,292,0
K292N,K,N,292,0
K292P,K,P,292,0
K292Q,K,Q,292,0
K292R,K,R,292,0
K292S,K,S,292,0
K292T,K,T,292,0
K292V,K,V,292,0
K292W,K,W,292,0
K292Y,K,Y,292,0
K305A,K,A,305,0
K305C,K,C,305,0
K305D,K,D,305,0
K305E,K,E,305,0
K305F,K,F,305,0
K305G,K,G,305,0
K305H,K,H,305,0
K305I,K,I,305,0
K305L,K,L,305,0
K305M,K,M,305,0
K305N,K,N,305,0
K305P,K,P,305,0
K305Q,K,Q,305,0
K305R,K,R,305,0
K305S,K,S,305,0
K305T,K,T,305,0
K305V,K,V,305,1
K305W,K,W,305,0
K305Y,K,Y,305,0
K319T,K,T,319,0
L130A,L,A,130,1
L130C,L,C,130,1
L130D,L,D,130,1
L130E,L,E,130,1
L130F,L,F,130,1
L130G,L,G,130,1
L130H,L,H,130,1
L130I,L,I,130,1
L130K,L,K,130,1
L130M,L,M,130,0
L130N,L,N,130,1
L130P,L,P,130,1
L130Q,L,Q,130,1
L130R,L,R,130,1
L130S,L,S,130,1
L130T,L,T,130,1
L130V,L,V,130,1
L130W,L,W,130,1
L130Y,L,Y,130,1
L137A,L,A,137,0
L137C,L,C,137,0
L137D,L,D,137,1
L137E,L,E,137,1
L137F,L,F,137,0
L137G,L,G,137,1
L137H,L,H,137,1
L137I,L,I,137,0
L137K,L,K,137,0
L137M,L,M,137,0
L137N,L,N,137,1
L137P,L,P,137,0
L137Q,L,Q,137,1
L137R,L,R,137,0
L137S,L,S,137,0
L137T,L,T,137,0
L137V,L,V,137,1
L137W,L,W,137,1
L137Y,L,Y,137,1
L145A,L,A,145,1
L145C,L,C,145,1
L145D,L,D,145,1
L145E,L,E,145,1
L145F,L,F,145,1
L145G,L,G,145,1
L145H,L,H,145,1
L145I,L,I,145,0
L145K,L,K,145,1
L145M,L,M,145,0
L145N,L,N,145,1
L145P,L,P,145,1
L145Q,L,Q,145,1
L145R,L,R,145,1
L145S,L,S,145,1
L145T,L,T,145,1
L145V,L,V,145,0
L145W,L,W,145,1
L145Y,L,Y,145,1
L188A,L,A,188,0
L188C,L,C,188,0
L188D,L,D,188,0
L188E,L,E,188,1
L188F,L,F,188,0
L188G,L,G,188,0
L188H,L,H,188,0
L188I,L,I,188,0
L188K,L,K,188,1
L188M,L,M,188,0
L188N,L,N,188,0
L188P,L,P,188,0
L188Q,L,Q,188,0
L188R,L,R,188,0
L188S,L,S,188,0
L188T,L,T,188,0
L188V,L,V,188,0
L188W,L,W,188,0
L188Y,L,Y,188,0
L194A,L,A,194,1
L194C,L,C,194,1
L194D,L,D,194,1
L194E,L,E,194,1
L194F,L,F,194,1
L194G,L,G,194,1
L194H,L,H,194,1
L194I,L,I,194,0
L194K,L,K,194,1
L194M,L,M,194,1
L194N,L,N,194,1
L194P,L,P,194,1
L194Q,L,Q,194,1
L194R,L,R,194,1
L194S,L,S,194,1
L194T,L,T,194,1
L194V,L,V,194,0
L194W,L,W,194,1
L194Y,L,Y,194,1
L201A,L,A,201,0
L201C,L,C,201,0
L201D,L,D,201,0
L201E,L,E,201,0
L201F,L,F,201,0
L201G,L,G,201,0
L201H,L,H,201,0
L201I,L,I,201,0
L201K,L,K,201,0
L201M,L,M,201,0
L201N,L,N,201,0
L201P,L,P,201,0
L201Q,L,Q,201,1
L201R,L,R,201,0
L201S,L,S,201,0
L201T,L,T,201,0
L201V,L,V,201,0
L201W,L,W,201,0
L201Y,L,Y,201,0
L206A,L,A,206,0
L206C,L,C,206,0
L206D,L,D,206,0
L206E,L,E,206,0
L206F,L,F,206,0
L206G,L,G,206,0
L206H,L,H,206,0
L206I,L,I,206,0
L206K,L,K,206,0
L206M,L,M,206,0
L206N,L,N,206,0
L206P,L,P,206,1
L206Q,L,Q,206,0
L206R,L,R,206,1
L206S,L,S,206,0
L206T,L,T,206,0
L206V,L,V,206,0
L206W,L,W,206,0
L206Y,L,Y,206,0
L252A,L,A,252,1
L252C,L,C,252,0
L252D,L,D,252,1
L252E,L,E,252,1
L252F,L,F,252,0
L252G,L,G,252,1
L252H,L,H,252,1
L252I,L,I,252,0
L252K,L,K,252,0
L252M,L,M,252,0
L252N,L,N,252,0
L252P,L,P,252,1
L252Q,L,Q,252,0
L252R,L,R,252,0
L252S,L,S,252,1
L252T,L,T,252,0
L252V,L,V,252,0
L252W,L,W,252,0
L252Y,L,Y,252,0
L257A,L,A,257,1
L257C,L,C,257,1
L257D,L,D,257,1
L257E,L,E,257,1
L257F,L,F,257,1
L257G,L,G,257,1
L257H,L,H,257,1
L257I,L,I,257,0
L257K,L,K,257,1
L257M,L,M,257,0
L257N,L,N,257,1
L257P,L,P,257,1
L257Q,L,Q,257,1
L257R,L,R,257,1
L257S,L,S,257,1
L257T,L,T,257,1
L257V,L,V,257,1
L257W,L,W,257,1
L257Y,L,Y,257,1
L264A,L,A,264,0
L264C,L,C,264,0
L264D,L,D,264,1
L264E,L,E,264,1
L264F,L,F,264,1
L264G,L,G,264,1
L264H,L,H,264,0
L264I,L,I,264,0
L264K,L,K,264,1
L264M,L,M,264,0
L264N,L,N,264,1
L264P,L,P,264,0
L264Q,L,Q,264,0
L264R,L,R,264,1
L264S,L,S,264,1
L264T,L,T,264,0
L264V,L,V,264,0
L264W,L,W,264,1
L264Y,L,Y,264,1
L265A,L,A,265,1
L265C,L,C,265,1
L265D,L,D,265,1
L265E,L,E,265,1
L265F,L,F,265,1
L265G,L,G,265,1
L265H,L,H,265,1
L265I,L,I,265,0
L265K,L,K,265,1
L265M,L,M,265,0
L265N,L,N,265,1
L265P,L,P,265,1
L265Q,L,Q,265,1
L265R,L,R,265,1
L265S,L,S,265,1
L265T,L,T,265,1
L265V,L,V,265,1
L265W,L,W,265,1
L265Y,L,Y,265,1
L289A,L,A,289,0
L289C,L,C,289,0
L289D,L,D,289,0
L289E,L,E,289,0
L289F,L,F,289,0
L289G,L,G,289,0
L289H,L,H,289,0
L289I,L,I,289,0
L289K,L,K,289,0
L289M,L,M,289,0
L289N,L,N,289,0
L289Q,L,Q,289,0
L289R,L,R,289,0
L289S,L,S,289,0
L289T,L,T,289,0
L289V,L,V,289,0
L289W,L,W,289,0
L289Y,L,Y,289,0
L299A,L,A,299,0
L299C,L,C,299,0
L299D,L,D,299,0
L299E,L,E,299,0
L299F,L,F,299,0
L299G,L,G,299,0
L299H,L,H,299,0
L299I,L,I,299,0
L299K,L,K,299,0
L299M,L,M,299,0
L299N,L,N,299,0
L299P,L,P,299,0
L299Q,L,Q,299,0
L299R,L,R,299,0
L299S,L,S,299,0
L299T,L,T,299,0
L299V,L,V,299,0
L299W,L,W,299,0
L299Y,L,Y,299,0
L32V,L,V,32,0
L344P,L,P,344,1
L35F,L,F,35,0
M133A,M,A,133,1
M133C,M,C,133,1
M133D,M,D,133,1
M133E,M,E,133,1
M133F,M,F,133,1
M133G,M,G,133,1
M133H,M,H,133,1
M133I,M,I,133,0
M133K,M,K,133,1
M133L,M,L,133,0
M133N,M,N,133,1
M133P,M,P,133,1
M133Q,M,Q,133,1
M133R,M,R,133,1
M133S,M,S,133,1
M133T,M,T,133,1
M133V,M,V,133,0
M133W,M,W,133,1
M133Y,M,Y,133,1
M160A,M,A,160,1
M160C,M,C,160,0
M160D,M,D,160,1
M160E,M,E,160,1
M160F,M,F,160,1
M160G,M,G,160,1
M160H,M,H,160,1
M160I,M,I,160,0
M160K,M,K,160,1
M160L,M,L,160,0
M160N,M,N,160,1
M160P,M,P,160,1
M160Q,M,Q,160,0
M160R,M,R,160,1
M160S,M,S,160,1
M160T,M,T,160,0
M160V,M,V,160,0
M160W,M,W,160,1
M160Y,M,Y,160,1
M169A,M,A,169,0
M169C,M,C,169,0
M169D,M,D,169,1
M169E,M,E,169,0
M169F,M,F,169,0
M169G,M,G,169,0
M169H,M,H,169,0
M169I,M,I,169,0
M169K,M,K,169,0
M169L,M,L,169,0
M169N,M,N,169,0
M169P,M,P,169,1
M169Q,M,Q,169,0
M169R,M,R,169,0
M169S,M,S,169,0
M169T,M,T,169,0
M169V,M,V,169,0
M169W,M,W,169,0
M169Y,M,Y,169,0
M237A,M,A,237,0
M237C,M,C,237,1
M237D,M,D,237,1
M237E,M,E,237,1
M237F,M,F,237,1
M237G,M,G,237,0
M237H,M,H,237,1
M237I,M,I,237,1
M237K,M,K,237,1
M237L,M,L,237,1
M237N,M,N,237,1
M237P,M,P,237,1
M237Q,M,Q,237,1
M237R,M,R,237,1
M237S,M,S,237,1
M237T,M,T,237,1
M237V,M,V,237,1
M237W,M,W,237,1
M237Y,M,Y,237,1
M243A,M,A,243,1
M243C,M,C,243,1
M243D,M,D,243,1
M243E,M,E,243,1
M243F,M,F,243,1
M243G,M,G,243,1
M243H,M,H,243,1
M243I,M,I,243,0
M243K,M,K,243,0
M243L,M,L,243,0
M243N,M,N,243,1
M243P,M,P,243,0
M243Q,M,Q,243,0
M243R,M,R,243,0
M243S,M,S,243,1
M243T,M,T,243,1
M243V,M,V,243,0
M243W,M,W,243,1
M243Y,M,Y,243,1
M246A,M,A,246,1
M246C,M,C,246,1
M246D,M,D,246,1
M246E,M,E,246,1
M246F,M,F,246,1
M246G,M,G,246,1
M246H,M,H,246,1
M246I,M,I,246,1
M246K,M,K,246,1
M246L,M,L,246,1
M246N,M,N,246,1
M246P,M,P,246,1
M246Q,M,Q,246,1
M246R,M,R,246,1
M246S,M,S,246,1
M246T,M,T,246,1
M246V,M,V,246,1
M246W,M,W,246,1
M246Y,M,Y,246,1
M340I,M,I,340,0
M384T,M,T,384,0
M384V,M,V,384,0
M66V,M,V,66,0
N131A,N,A,131,1
N131C,N,C,131,1
N131D,N,D,131,1
N131E,N,E,131,1
N131F,N,F,131,1
N131G,N,G,131,0
N131H,N,H,131,1
N131I,N,I,131,1
N131K,N,K,131,0
N131L,N,L,131,1
N131M,N,M,131,1
N131P,N,P,131,1
N131Q,N,Q,131,1
N131R,N,R,131,1
N131S,N,S,131,1
N131T,N,T,131,1
N131V,N,V,131,1
N131W,N,W,131,1
N131Y,N,Y,131,1
N200A,N,A,200,0
N200C,N,C,200,0
N200D,N,D,200,0
N200E,N,E,200,0
N200F,N,F,200,1
N200G,N,G,200,0
N200H,N,H,200,0
N200I,N,I,200,0
N200K,N,K,200,0
N200L,N,L,200,1
N200M,N,M,200,0
N200P,N,P,200,0
N200Q,N,Q,200,0
N200R,N,R,200,0
N200S,N,S,200,0
N200T,N,T,200,0
N200V,N,V,200,0
N200W,N,W,200,1
N200Y,N,Y,200,1
N210A,N,A,210,0
N210C,N,C,210,0
N210D,N,D,210,0
N210E,N,E,210,0
N210F,N,F,210,0
N210G,N,G,210,0
N210H,N,H,210,0
N210I,N,I,210,0
N210K,N,K,210,0
N210L,N,L,210,0
N210M,N,M,210,0
N210P,N,P,210,0
N210Q,N,Q,210,0
N210R,N,R,210,0
N210S,N,S,210,0
N210T,N,T,210,0
N210V,N,V,210,0
N210W,N,W,210,0
N210Y,N,Y,210,0
N235A,N,A,235,0
N235C,N,C,235,0
N235D,N,D,235,1
N235E,N,E,235,1
N235F,N,F,235,1
N235G,N,G,235,1
N235H,N,H,235,0
N235I,N,I,235,0
N235K,N,K,235,0
N235L,N,L,235,0
N235M,N,M,235,0
N235P,N,P,235,1
N235Q,N,Q,235,0
N235R,N,R,235,0
N235S,N,S,235,0
N235T,N,T,235,0
N235V,N,V,235,0
N235W,N,W,235,1
N235Y,N,Y,235,1
N239A,N,A,239,1
N239C,N,C,239,1
N239D,N,D,239,1
N239E,N,E,239,1
N239F,N,F,239,0
N239G,N,G,239,1
N239H,N,H,239,0
N239I,N,I,239,1
N239K,N,K,239,1
N239L,N,L,239,0
N239M,N,M,239,0
N239P,N,P,239,1
N239Q,N,Q,239,1
N239R,N,R,239,0
N239S,N,S,239,1
N239T,N,T,239,1
N239V,N,V,239,1
N239W,N,W,239,0
N239Y,N,Y,239,0
N247A,N,A,247,0
N247C,N,C,247,1
N247D,N,D,247,1
N247E,N,E,247,1
N247F,N,F,247,1
N247G,N,G,247,0
N247H,N,H,247,0
N247I,N,I,247,1
N247K,N,K,247,1
N247L,N,L,247,1
N247M,N,M,247,1
N247P,N,P,247,1
N247Q,N,Q,247,0
N247R,N,R,247,0
N247S,N,S,247,0
N247T,N,T,247,1
N247V,N,V,247,1
N247W,N,W,247,1
N247Y,N,Y,247,1
N263A,N,A,263,0
N263C,N,C,263,0
N263D,N,D,263,0
N263E,N,E,263,0
N263F,N,F,263,0
N263G,N,G,263,0
N263H,N,H,263,0
N263I,N,I,263,0
N263K,N,K,263,0
N263L,N,L,263,0
N263M,N,M,263,0
N263P,N,P,263,1
N263Q,N,Q,263,0
N263R,N,R,263,0
N263S,N,S,263,0
N263T,N,T,263,0
N263V,N,V,263,0
N263W,N,W,263,0
N263Y,N,Y,263,0
N268A,N,A,268,0
N268C,N,C,268,0
N268D,N,D,268,0
N268E,N,E,268,0
N268F,N,F,268,1
N268G,N,G,268,0
N268H,N,H,268,0
N268I,N,I,268,1
N268K,N,K,268,0
N268L,N,L,268,1
N268M,N,M,268,0
N268P,N,P,268,1
N268Q,N,Q,268,0
N268R,N,R,268,0
N268S,N,S,268,0
N268T,N,T,268,0
N268V,N,V,268,1
N268W,N,W,268,1
N268Y,N,Y,268,0
N288A,N,A,288,0
N288C,N,C,288,0
N288D,N,D,288,1
N288E,N,E,288,1
N288F,N,F,288,1
N288G,N,G,288,0
N288H,N,H,288,0
N288I,N,I,288,0
N288K,N,K,288,0
N288L,N,L,288,0
N288M,N,M,288,0
N288P,N,P,288,1
N288Q,N,Q,288,0
N288R,N,R,288,0
N288S,N,S,288,0
N288T,N,T,288,0
N288V,N,V,288,0
N288W,N,W,288,0
N288Y,N,Y,288,0
N29D,N,D,29,0
N310K,N,K,310,0
N310S,N,S,310,0
P128A,P,A,128,0
P128C,P,C,128,0
P128D,P,D,128,0
P128E,P,E,128,0
P128F,P,F,128,0
P128G,P,G,128,0
P128H,P,H,128,0
P128I,P,I,128,0
P128K,P,K,128,0
P128L,P,L,128,0
P128M,P,M,128,0
P128N,P,N,128,0
P128Q,P,Q,128,0
P128R,P,R,128,0
P128S,P,S,128,0
P128T,P,T,128,0
P128V,P,V,128,0
P128W,P,W,128,0
P128Y,P,Y,128,0
P142A,P,A,142,0
P142C,P,C,142,0
P142D,P,D,142,1
P142E,P,E,142,1
P142F,P,F,142,1
P142G,P,G,142,1
P142H,P,H,142,0
P142I,P,I,142,1
P142K,P,K,142,1
P142L,P,L,142,1
P142M,P,M,142,1
P142N,P,N,142,1
P142Q,P,Q,142,0
P142R,P,R,142,0
P142S,P,S,142,0
P142T,P,T,142,1
P142V,P,V,142,0
P142W,P,W,142,1
P142Y,P,Y,142,1
P151A,P,A,151,1
P151C,P,C,151,1
P151D,P,D,151,1
P151E,P,E,151,1
P151F,P,F,151,1
P151G,P,G,151,1
P151H,P,H,151,1
P151I,P,I,151,1
P151K,P,K,151,1
P151L,P,L,151,1
P151M,P,M,151,1
P151N,P,N,151,1
P151Q,P,Q,151,1
P151R,P,R,151,1
P151S,P,S,151,1
P151T,P,T,151,1
P151V,P,V,151,1
P151W,P,W,151,1
P151Y,P,Y,151,1
P152A,P,A,152,1
P152C,P,C,152,1
P152D,P,D,152,1
P152E,P,E,152,1
P152F,P,F,152,1
P152G,P,G,152,1
P152H,P,H,152,1
P152I,P,I,152,1
P152K,P,K,152,1
P152L,P,L,152,1
P152M,P,M,152,1
P152N,P,N,152,1
P152Q,P,Q,152,1
P152R,P,R,152,1
P152S,P,S,152,1
P152T,P,T,152,1
P152V,P,V,152,1
P152W,P,W,152,1
P152Y,P,Y,152,1
P153A,P,A,153,0
P153C,P,C,153,0
P153D,P,D,153,0
P153E,P,E,153,0
P153F,P,F,153,0
P153G,P,G,153,0
P153H,P,H,153,0
P153I,P,I,153,0
P153K,P,K,153,0
P153L,P,L,153,0
P153M,P,M,153,0
P153N,P,N,153,0
P153Q,P,Q,153,0
P153R,P,R,153,0
P153S,P,S,153,0
P153T,P,T,153,0
P153V,P,V,153,0
P153W,P,W,153,0
P153Y,P,Y,153,0
P177A,P,A,177,0
P177C,P,C,177,1
P177D,P,D,177,1
P177E,P,E,177,1
P177F,P,F,177,1
P177G,P,G,177,1
P177H,P,H,177,1
P177I,P,I,177,1
P177K,P,K,177,1
P177L,P,L,177,1
P177M,P,M,177,1
P177N,P,N,177,1
P177Q,P,Q,177,1
P177R,P,R,177,1
P177S,P,S,177,1
P177T,P,T,177,1
P177V,P,V,177,1
P177W,P,W,177,1
P177Y,P,Y,177,1
P190A,P,A,190,1
P190C,P,C,190,1
P190D,P,D,190,1
P190E,P,E,190,1
P190F,P,F,190,1
P190G,P,G,190,1
P190H,P,H,190,0
P190I,P,I,190,1
P190K,P,K,190,1
P190L,P,L,190,1
P190M,P,M,190,1
P190N,P,N,190,0
P190Q,P,Q,190,1
P190R,P,R,190,1
P190S,P,S,190,1
P190T,P,T,190,1
P190V,P,V,190,1
P190W,P,W,190,1
P190Y,P,Y,190,0
P191A,P,A,191,0
P191C,P,C,191,0
P191D,P,D,191,1
P191E,P,E,191,1
P191F,P,F,191,1
P191G,P,G,191,1
P191H,P,H,191,0
P191I,P,I,191,0
P191K,P,K,191,0
P191L,P,L,191,0
P191M,P,M,191,0
P191N,P,N,191,0
P191Q,P,Q,191,0
P191R,P,R,191,0
P191S,P,S,191,0
P191T,P,T,191,0
P191V,P,V,191,0
P191W,P,W,191,1
P191Y,P,Y,191,1
P219A,P,A,219,1
P219C,P,C,219,1
P219D,P,D,219,0
P219E,P,E,219,0
P219F,P,F,219,1
P219G,P,G,219,1
P219H,P,H,219,0
P219I,P,I,219,1
P219K,P,K,219,1
P219L,P,L,219,1
P219M,P,M,219,1
P219N,P,N,219,1
P219Q,P,Q,219,0
P219R,P,R,219,1
P219S,P,S,219,1
P219T,P,T,219,1
P219V,P,V,219,1
P219W,P,W,219,1
P219Y,P,Y,219,1
P222A,P,A,222,0
P222C,P,C,222,0
P222D,P,D,222,0
P222E,P,E,222,0
P222F,P,F,222,1
P222G,P,G,222,0
P222H,P,H,222,0
P222I,P,I,222,0
P222K,P,K,222,0
P222L,P,L,222,0
P222M,P,M,222,0
P222N,P,N,222,0
P222Q,P,Q,222,0
P222R,P,R,222,0
P222S,P,S,222,0
P222T,P,T,222,0
P222V,P,V,222,0
P222W,P,W,222,1
P222Y,P,Y,222,0
P223A,P,A,223,0
P223C,P,C,223,1
P223D,P,D,223,1
P223E,P,E,223,1
P223F,P,F,223,1
P223G,P,G,223,1
P223H,P,H,223,1
P223I,P,I,223,1
P223K,P,K,223,1
P223L,P,L,223,1
P223M,P,M,223,1
P223N,P,N,223,1
P223Q,P,Q,223,1
P223R,P,R,223,1
P223S,P,S,223,1
P223T,P,T,223,1
P223V,P,V,223,1
P223W,P,W,223,1
P223Y,P,Y,223,1
P250A,P,A,250,0
P250C,P,C,250,1
P250D,P,D,250,1
P250E,P,E,250,1
P250F,P,F,250,1
P250G,P,G,250,1
P250H,P,H,250,1
P250I,P,I,250,1
P250K,P,K,250,1
P250L,P,L,250,1
P250M,P,M,250,1
P250N,P,N,250,1
P250Q,P,Q,250,0
P250R,P,R,250,1
P250S,P,S,250,0
P250T,P,T,250,1
P250V,P,V,250,1
P250W,P,W,250,1
P250Y,P,Y,250,1
P278A,P,A,278,0
P278C,P,C,278,1
P278D,P,D,278,1
P278E,P,E,278,1
P278F,P,F,278,1
P278G,P,G,278,1
P278H,P,H,278,0
P278I,P,I,278,1
P278K,P,K,278,1
P278L,P,L,278,1
P278M,P,M,278,1
P278N,P,N,278,1
P278Q,P,Q,278,1
P278R,P,R,278,0
P278S,P,S,278,1
P278T,P,T,278,1
P278V,P,V,278,1
P278W,P,W,278,1
P278Y,P,Y,278,1
P295A,P,A,295,0
P295C,P,C,295,0
P295D,P,D,295,0
P295E,P,E,295,0
P295F,P,F,295,0
P295G,P,G,295,0
P295H,P,H,295,0
P295I,P,I,295,0
P295K,P,K,295,0
P295L,P,L,295,0
P295M,P,M,295,0
P295N,P,N,295,0
P295Q,P,Q,295,0
P295R,P,R,295,0
P295S,P,S,295,0
P295T,P,T,295,0
P295V,P,V,295,0
P295W,P,W,295,0
P295Y,P,Y,295,0
P300A,P,A,300,0
P300C,P,C,300,0
P300D,P,D,300,0
P300E,P,E,300,0
P300F,P,F,300,0
P300G,P,G,300,0
P300H,P,H,300,0
P300I,P,I,300,0
P300K,P,K,300,0
P300L,P,L,300,0
P300M,P,M,300,1
P300N,P,N,300,0
P300Q,P,Q,300,0
P300R,P,R,300,0
P300S,P,S,300,0
P300T,P,T,300,0
P300V,P,V,300,0
P300W,P,W,300,0
P300Y,P,Y,300,0
P301A,P,A,301,0
P301C,P,C,301,0
P301D,P,D,301,0
P301E,P,E,301,0
P301F,P,F,301,0
P301G,P,G,301,0
P301H,P,H,301,0
P301I,P,I,301,0
P301K,P,K,301,0
P301L,P,L,301,0
P301M,P,M,301,0
P301N,P,N,301,0
P301Q,P,Q,301,0
P301R,P,R,301,0
P301S,P,S,301,0
P301T,P,T,301,0
P301V,P,V,301,0
P301W,P,W,301,0
P301Y,P,Y,301,0
P318S,P,S,318,0
P36Q,P,Q,36,0
P47S,P,S,47,0
P4L,P,L,4,0
P4Q,P,Q,4,0
P58A,P,A,58,0
P72A,P,A,72,0
P72H,P,H,72,0
P72R,P,R,72,0
P82L,P,L,82,0
P89T,P,T,89,0
P8L,P,L,8,0
P8R,P,R,8,0
Q136A,Q,A,136,1
Q136C,Q,C,136,1
Q136D,Q,D,136,1
Q136E,Q,E,136,1
Q136F,Q,F,136,1
Q136G,Q,G,136,1
Q136H,Q,H,136,1
Q136I,Q,I,136,0
Q136K,Q,K,136,0
Q136L,Q,L,136,1
Q136M,Q,M,136,0
Q136N,Q,N,136,1
Q136P,Q,P,136,1
Q136R,Q,R,136,0
Q136S,Q,S,136,0
Q136T,Q,T,136,1
Q136V,Q,V,136,0
Q136W,Q,W,136,1
Q136Y,Q,Y,136,1
Q144A,Q,A,144,1
Q144C,Q,C,144,1
Q144D,Q,D,144,1
Q144E,Q,E,144,0
Q144F,Q,F,144,1
Q144G,Q,G,144,1
Q144H,Q,H,144,1
Q144I,Q,I,144,1
Q144K,Q,K,144,1
Q144L,Q,L,144,1
Q144M,Q,M,144,1
Q144N,Q,N,144,0
Q144P,Q,P,144,1
Q144R,Q,R,144,1
Q144S,Q,S,144,0
Q144T,Q,T,144,0
Q144V,Q,V,144,1
Q144W,Q,W,144,1
Q144Y,Q,Y,144,1
Q165A,Q,A,165,0
Q165C,Q,C,165,0
Q165D,Q,D,165,0
Q165E,Q,E,165,0
Q165F,Q,F,165,0
Q165G,Q,G,165,0
Q165H,Q,H,165,0
Q165I,Q,I,165,1
Q165K,Q,K,165,0
Q165M,Q,M,165,0
Q165N,Q,N,165,0
Q165P,Q,P,165,1
Q165R,Q,R,165,0
Q165S,Q,S,165,0
Q165T,Q,T,165,0
Q165V,Q,V,165,1
Q165W,Q,W,165,0
Q165Y,Q,Y,165,0
Q167A,Q,A,167,0
Q167C,Q,C,167,0
Q167D,Q,D,167,0
Q167E,Q,E,167,0
Q167F,Q,F,167,0
Q167G,Q,G,167,0
Q167H,Q,H,167,0
Q167I,Q,I,167,0
Q167K,Q,K,167,0
Q167L,Q,L,167,0
Q167M,Q,M,167,0
Q167N,Q,N,167,0
Q167P,Q,P,167,0
Q167R,Q,R,167,0
Q167S,Q,S,167,0
Q167T,Q,T,167,0
Q167V,Q,V,167,0
Q167W,Q,W,167,1
Q167Y,Q,Y,167,0
Q192A,Q,A,192,0
Q192C,Q,C,192,0
Q192D,Q,D,192,0
Q192E,Q,E,192,0
Q192F,Q,F,192,1
Q192G,Q,G,192,0
Q192H,Q,H,192,0
Q192I,Q,I,192,1
Q192K,Q,K,192,0
Q192L,Q,L,192,0
Q192M,Q,M,192,0
Q192N,Q,N,192,0
Q192P,Q,P,192,0
Q192R,Q,R,192,0
Q192S,Q,S,192,0
Q192T,Q,T,192,0
Q192V,Q,V,192,1
Q192W,Q,W,192,0
Q192Y,Q,Y,192,0
Q317K,Q,K,317,0
Q354K,Q,K,354,0
Q354L,Q,L,354,0
Q354P,Q,P,354,0
Q375K,Q,K,375,0
R110H,R,H,110,0
R110L,R,L,110,1
R110P,R,P,110,1
R156A,R,A,156,1
R156C,R,C,156,0
R156D,R,D,156,1
R156E,R,E,156,1
R156F,R,F,156,0
R156G,R,G,156,1
R156H,R,H,156,0
R156I,R,I,156,0
R156K,R,K,156,0
R156L,R,L,156,0
R156M,R,M,156,0
R156N,R,N,156,0
R156P,R,P,156,1
R156Q,R,Q,156,0
R156S,R,S,156,0
R156T,R,T,156,0
R156V,R,V,156,0
R156W,R,W,156,0
R156Y,R,Y,156,0
R158A,R,A,158,1
R158C,R,C,158,1
R158D,R,D,158,1
R158E,R,E,158,1
R158F,R,F,158,1
R158G,R,G,158,1
R158H,R,H,158,1
R158I,R,I,158,1
R158K,R,K,158,0
R158L,R,L,158,1
R158M,R,M,158,1
R158N,R,N,158,1
R158P,R,P,158,1
R158Q,R,Q,158,1
R158S,R,S,158,1
R158T,R,T,158,1
R158V,R,V,158,1
R158W,R,W,158,1
R158Y,R,Y,158,1
R174A,R,A,174,0
R174C,R,C,174,1
R174D,R,D,174,1
R174E,R,E,174,1
R174F,R,F,174,1
R174G,R,G,174,1
R174H,R,H,174,0
R174I,R,I,174,1
R174K,R,K,174,0
R174L,R,L,174,1
R174M,R,M,174,0
R174N,R,N,174,1
R174P,R,P,174,1
R174Q,R,Q,174,0
R174S,R,S,174,1
R174T,R,T,174,0
R174V,R,V,174,0
R174W,R,W,174,1
R174Y,R,Y,174,1
R175A,R,A,175,0
R175C,R,C,175,0
R175D,R,D,175,1
R175E,R,E,175,1
R175F,R,F,175,1
R175G,R,G,175,1
R175H,R,H,175,1
R175I,R,I,175,1
R175K,R,K,175,1
R175L,R,L,175,1
R175M,R,M,175,1
R175N,R,N,175,1
R175P,R,P,175,1
R175Q,R,Q,175,1
R175S,R,S,175,1
R175T,R,T,175,0
R175V,R,V,175,0
R175W,R,W,175,1
R175Y,R,Y,175,1
R181A,R,A,181,1
R181C,R,C,181,1
R181D,R,D,181,1
R181E,R,E,181,1
R181F,R,F,181,1
R181G,R,G,181,1
R181H,R,H,181,1
R181I,R,I,181,0
R181K,R,K,181,0
R181L,R,L,181,0
R181M,R,M,181,1
R181N,R,N,181,1
R181P,R,P,181,1
R181Q,R,Q,181,0
R181S,R,S,181,1
R181T,R,T,181,1
R181V,R,V,181,1
R181W,R,W,181,1
R181Y,R,Y,181,1
R196A,R,A,196,1
R196C,R,C,196,0
R196D,R,D,196,1
R196E,R,E,196,1
R196F,R,F,196,1
R196G,R,G,196,1
R196H,R,H,196,1
R196I,R,I,196,1
R196K,R,K,196,0
R196L,R,L,196,0
R196M,R,M,196,1
R196N,R,N,196,1
R196P,R,P,196,1
R196Q,R,Q,196,1
R196S,R,S,196,1
R196T,R,T,196,0
R196V,R,V,196,1
R196W,R,W,196,1
R196Y,R,Y,196,1
R202A,R,A,202,0
R202C,R,C,202,0
R202D,R,D,202,0
R202E,R,E,202,0
R202F,R,F,202,0
R202G,R,G,202,0
R202H,R,H,202,0
R202I,R,I,202,1
R202K,R,K,202,0
R202L,R,L,202,0
R202M,R,M,202,0
R202N,R,N,202,0
R202P,R,P,202,0
R202Q,R,Q,202,0
R202S,R,S,202,0
R202T,R,T,202,0
R202V,R,V,202,1
R202W,R,W,202,1
R202Y,R,Y,202,0
R209A,R,A,209,0
R209C,R,C,209,0
R209D,R,D,209,0
R209E,R,E,209,0
R209F,R,F,209,0
R209G,R,G,209,0
R209H,R,H,209,0
R209I,R,I,209,0
R209K,R,K,209,0
R209L,R,L,209,0
R209M,R,M,209,0
R209N,R,N,209,0
R209P,R,P,209,0
R209Q,R,Q,209,0
R209S,R,S,209,0
R209T,R,T,209,0
R209V,R,V,209,0
R209W,R,W,209,0
R209Y,R,Y,209,0
R213A,R,A,213,1
R213C,R,C,213,1
R213D,R,D,213,1
R213E,R,E,213,1
R213F,R,F,213,1
R213G,R,G,213,1
R213H,R,H,213,1
R213I,R,I,213,1
R213K,R,K,213,1
R213L,R,L,213,0
R213M,R,M,213,1
R213N,R,N,213,1
R213P,R,P,213,1
R213Q,R,Q,213,1
R213S,R,S,213,1
R213T,R,T,213,1
R213V,R,V,213,1
R213W,R,W,213,1
R213Y,R,Y,213,1
R248A,R,A,248,1
R248C,R,C,248,1
R248D,R,D,248,1
R248E,R,E,248,1
R248F,R,F,248,1
R248G,R,G,248,1
R248H,R,H,248,1
R248I,R,I,248,1
R248K,R,K,248,1
R248L,R,L,248,1
R248M,R,M,248,1
R248N,R,N,248,1
R248P,R,P,248,1
R248Q,R,Q,248,1
R248S,R,S,248,1
R248T,R,T,248,1
R248V,R,V,248,1
R248W,R,W,248,1
R248Y,R,Y,248,1
R249A,R,A,249,1
R249C,R,C,249,1
R249D,R,D,249,1
R249E,R,E,249,1
R249F,R,F,249,1
R249G,R,G,249,1
R249H,R,H,249,1
R249I,R,I,249,1
R249K,R,K,249,1
R249L,R,L,249,1
R249M,R,M,249,1
R249N,R,N,249,1
R249P,R,P,249,1
R249Q,R,Q,249,1
R249S,R,S,249,1
R249T,R,T,249,1
R249V,R,V,249,1
R249W,R,W,249,1
R249Y,R,Y,249,1
R267A,R,A,267,1
R267C,R,C,267,1
R267D,R,D,267,1
R267E,R,E,267,1
R267F,R,F,267,1
R267G,R,G,267,1
R267H,R,H,267,1
R267I,R,I,267,1
R267K,R,K,267,1
R267L,R,L,267,1
R267M,R,M,267,1
R267N,R,N,267,1
R267P,R,P,267,1
R267Q,R,Q,267,1
R267S,R,S,267,1
R267T,R,T,267,1
R267V,R,V,267,1
R267W,R,W,267,1
R267Y,R,Y,267,1
R273A,R,A,273,1
R273C,R,C,273,1
R273D,R,D,273,1
R273E,R,E,273,1
R273F,R,F,273,1
R273G,R,G,273,1
R273H,R,H,273,1
R273I,R,I,273,1
R273K,R,K,273,0
R273L,R,L,273,1
R273M,R,M,273,1
R273N,R,N,273,1
R273P,R,P,273,1
R273Q,R,Q,273,1
R273T,R,T,273,1
R273V,R,V,273,1
R273W,R,W,273,1
R273Y,R,Y,273,1
R280A,R,A,280,1
R280C,R,C,280,1
R280D,R,D,280,1
R280E,R,E,280,1
R280F,R,F,280,1
R280G,R,G,280,1
R280H,R,H,280,1
R280I,R,I,280,1
R280K,R,K,280,1
R280L,R,L,280,1
R280M,R,M,280,1
R280N,R,N,280,1
R280P,R,P,280,1
R280Q,R,Q,280,1
R280S,R,S,280,1
R280T,R,T,280,1
R280V,R,V,280,1
R280W,R,W,280,1
R280Y,R,Y,280,1
R282A,R,A,282,1
R282C,R,C,282,1
R282D,R,D,282,1
R282E,R,E,282,1
R282F,R,F,282,1
R282G,R,G,282,1
R282H,R,H,282,1
R282I,R,I,282,1
R282K,R,K,282,0
R282L,R,L,282,0
R282M,R,M,282,0
R282N,R,N,282,1
R282P,R,P,282,1
R282Q,R,Q,282,1
R282S,R,S,282,1
R282T,R,T,282,1
R282V,R,V,282,1
R282W,R,W,282,1
R282Y,R,Y,282,1
R283A,R,A,283,1
R283C,R,C,283,0
R283D,R,D,283,1
R283E,R,E,283,1
R283F,R,F,283,1
R283G,R,G,283,0
R283H,R,H,283,0
R283I,R,I,283,0
R283K,R,K,283,0
R283L,R,L,283,0
R283M,R,M,283,0
R283N,R,N,283,0
R283P,R,P,283,1
R283Q,R,Q,283,1
R283S,R,S,283,0
R283T,R,T,283,0
R283V,R,V,283,0
R283W,R,W,283,1
R283Y,R,Y,283,1
R290A,R,A,290,0
R290C,R,C,290,0
R290D,R,D,290,0
R290E,R,E,290,0
R290F,R,F,290,0
R290G,R,G,290,0
R290H,R,H,290,0
R290I,R,I,290,0
R290K,R,K,290,0
R290L,R,L,290,0
R290M,R,M,290,0
R290N,R,N,290,0
R290P,R,P,290,1
R290Q,R,Q,290,0
R290S,R,S,290,0
R290T,R,T,290,0
R290V,R,V,290,0
R290W,R,W,290,0
R290Y,R,Y,290,0
R306A,R,A,306,0
R306C,R,C,306,0
R306D,R,D,306,0
R306E,R,E,306,0
R306F,R,F,306,0
R306G,R,G,306,0
R306H,R,H,306,0
R306I,R,I,306,0
R306K,R,K,306,0
R306L,R,L,306,0
R306M,R,M,306,0
R306N,R,N,306,0
R306P,R,P,306,0
R306Q,R,Q,306,0
R306S,R,S,306,0
R306T,R,T,306,0
R306V,R,V,306,1
R306W,R,W,306,0
R306Y,R,Y,306,0
R333C,R,C,333,0
R333H,R,H,333,0
R335C,R,C,335,0
R335L,R,L,335,0
R337C,R,C,337,1
R337H,R,H,337,1
R337L,R,L,337,1
R337P,R,P,337,1
R342P,R,P,342,1
R342Q,R,Q,342,0
R379H,R,H,379,0
R379L,R,L,379,0
R379S,R,S,379,0
S127A,S,A,127,1
S127C,S,C,127,1
S127D,S,D,127,1
S127E,S,E,127,1
S127F,S,F,127,1
S127G,S,G,127,1
S127H,S,H,127,1
S127I,S,I,127,1
S127K,S,K,127,1
S127L,S,L,127,1
S127M,S,M,127,1
S127N,S,N,127,1
S127P,S,P,127,1
S127Q,S,Q,127,1
S127R,S,R,127,1
S127T,S,T,127,1
S127V,S,V,127,1
S127W,S,W,127,1
S127Y,S,Y,127,1
S149A,S,A,149,0
S149C,S,C,149,0
S149D,S,D,149,0
S149E,S,E,149,0
S149F,S,F,149,0
S149G,S,G,149,0
S149H,S,H,149,0
S149I,S,I,149,0
S149K,S,K,149,0
S149L,S,L,149,0
S149M,S,M,149,0
S149N,S,N,149,0
S149P,S,P,149,0
S149Q,S,Q,149,0
S149R,S,R,149,0
S149T,S,T,149,0
S149V,S,V,149,0
S149W,S,W,149,0
S149Y,S,Y,149,0
S166A,S,A,166,0
S166C,S,C,166,0
S166D,S,D,166,0
S166E,S,E,166,0
S166F,S,F,166,0
S166G,S,G,166,0
S166H,S,H,166,0
S166I,S,I,166,0
S166K,S,K,166,0
S166L,S,L,166,0
S166M,S,M,166,0
S166N,S,N,166,0
S166P,S,P,166,0
S166Q,S,Q,166,0
S166R,S,R,166,0
S166T,S,T,166,0
S166V,S,V,166,1
S166W,S,W,166,0
S166Y,S,Y,166,0
S183A,S,A,183,0
S183C,S,C,183,0
S183D,S,D,183,0
S183E,S,E,183,0
S183F,S,F,183,0
S183G,S,G,183,0
S183H,S,H,183,0
S183I,S,I,183,0
S183K,S,K,183,0
S183L,S,L,183,0
S183M,S,M,183,0
S183N,S,N,183,0
S183P,S,P,183,0
S183Q,S,Q,183,0
S183R,S,R,183,0
S183T,S,T,183,0
S183V,S,V,183,0
S183W,S,W,183,0
S183Y,S,Y,183,0
S185A,S,A,185,0
S185C,S,C,185,0
S185D,S,D,185,0
S185E,S,E,185,0
S185F,S,F,185,0
S185G,S,G,185,0
S185H,S,H,185,0
S185I,S,I,185,0
S185K,S,K,185,0
S185L,S,L,185,0
S185M,S,M,185,0
S185N,S,N,185,0
S185P,S,P,185,0
S185Q,S,Q,185,0
S185R,S,R,185,0
S185T,S,T,185,0
S185V,S,V,185,0
S185W,S,W,185,0
S185Y,S,Y,185,0
S215A,S,A,215,0
S215C,S,C,215,0
S215D,S,D,215,1
S215E,S,E,215,1
S215F,S,F,215,1
S215G,S,G,215,1
S215H,S,H,215,1
S215I,S,I,215,1
S215K,S,K,215,1
S215L,S,L,215,1
S215M,S,M,215,1
S215N,S,N,215,1
S215P,S,P,215,1
S215Q,S,Q,215,1
S215R,S,R,215,1
S215T,S,T,215,1
S215V,S,V,215,1
S215W,S,W,215,1
S215Y,S,Y,215,1
S227A,S,A,227,0
S227C,S,C,227,0
S227D,S,D,227,0
S227E,S,E,227,0
S227F,S,F,227,0
S227G,S,G,227,0
S227H,S,H,227,0
S227I,S,I,227,0
S227K,S,K,227,1
S227L,S,L,227,0
S227M,S,M,227,0
S227N,S,N,227,0
S227P,S,P,227,1
S227Q,S,Q,227,1
S227R,S,R,227,1
S227T,S,T,227,0
S227V,S,V,227,0
S227W,S,W,227,1
S227Y,S,Y,227,0
S240A,S,A,240,1
S240C,S,C,240,1
S240D,S,D,240,1
S240E,S,E,240,1
S240F,S,F,240,1
S240G,S,G,240,1
S240H,S,H,240,1
S240I,S,I,240,1
S240K,S,K,240,1
S240L,S,L,240,1
S240M,S,M,240,1
S240P,S,P,240,1
S240Q,S,Q,240,1
S240R,S,R,240,1
S240T,S,T,240,0
S240V,S,V,240,1
S240W,S,W,240,1
S240Y,S,Y,240,1
S241A,S,A,241,1
S241C,S,C,241,1
S241D,S,D,241,1
S241E,S,E,241,1
S241F,S,F,241,1
S241G,S,G,241,1
S241H,S,H,241,1
S241I,S,I,241,1
S241K,S,K,241,1
S241L,S,L,241,1
S241M,S,M,241,1
S241N,S,N,241,1
S241P,S,P,241,1
S241Q,S,Q,241,1
S241R,S,R,241,1
S241T,S,T,241,1
S241V,S,V,241,1
S241W,S,W,241,1
S241Y,S,Y,241,1
S260A,S,A,260,0
S260C,S,C,260,0
S260D,S,D,260,0
S260E,S,E,260,0
S260F,S,F,260,0
S260G,S,G,260,0
S260H,S,H,260,0
S260I,S,I,260,0
S260K,S,K,260,0
S260L,S,L,260,0
S260M,S,M,260,0
S260N,S,N,260,0
S260P,S,P,260,0
S260Q,S,Q,260,0
S260R,S,R,260,0
S260T,S,T,260,0
S260V,S,V,260,0
S260W,S,W,260,0
S260Y,S,Y,260,0
S261A,S,A,261,1
S261C,S,C,261,0
S261D,S,D,261,1
S261F,S,F,261,1
S261G,S,G,261,0
S261H,S,H,261,1
S261I,S,I,261,1
S261L,S,L,261,1
S261N,S,N,261,1
S261P,S,P,261,1
S261R,S,R,261,0
S261T,S,T,261,1
S261V,S,V,261,1
S261Y,S,Y,261,1
S269A,S,A,269,0
S269C,S,C,269,0
S269D,S,D,269,1
S269E,S,E,269,1
S269F,S,F,269,0
S269G,S,G,269,1
S269H,S,H,269,0
S269K,S,K,269,0
S269L,S,L,269,0
S269M,S,M,269,0
S269N,S,N,269,0
S269P,S,P,269,1
S269Q,S,Q,269,1
S269T,S,T,269,0
S269V,S,V,269,0
S269W,S,W,269,0
S269Y,S,Y,269,0
S303A,S,A,303,0
S303C,S,C,303,0
S303D,S,D,303,0
S303E,S,E,303,0
S303F,S,F,303,0
S303G,S,G,303,0
S303H,S,H,303,0
S303I,S,I,303,0
S303K,S,K,303,0
S303L,S,L,303,0
S303M,S,M,303,0
S303N,S,N,303,0
S303P,S,P,303,0
S303Q,S,Q,303,0
S303R,S,R,303,0
S303T,S,T,303,0
S303V,S,V,303,0
S303W,S,W,303,0
S303Y,S,Y,303,0
S313N,S,N,313,0
S315T,S,T,315,0
S366A,S,A,366,0
S94A,S,A,94,0
S94L,S,L,94,0
T125K,T,K,125,1
T125R,T,R,125,1
T140A,T,A,140,0
T140C,T,C,140,0
T140D,T,D,140,1
T140E,T,E,140,1
T140F,T,F,140,1
T140G,T,G,140,1
T140H,T,H,140,1
T140I,T,I,140,0
T140K,T,K,140,0
T140L,T,L,140,1
T140M,T,M,140,0
T140N,T,N,140,0
T140P,T,P,140,0
T140Q,T,Q,140,0
T140R,T,R,140,0
T140S,T,S,140,0
T140V,T,V,140,0
T140W,T,W,140,1
T140Y,T,Y,140,1
T150A,T,A,150,0
T150C,T,C,150,0
T150D,T,D,150,0
T150E,T,E,150,0
T150F,T,F,150,0
T150G,T,G,150,0
T150H,T,H,150,0
T150I,T,I,150,0
T150K,T,K,150,0
T150L,T,L,150,0
T150M,T,M,150,1
T150N,T,N,150,0
T150P,T,P,150,0
T150Q,T,Q,150,0
T150R,T,R,150,0
T150S,T,S,150,0
T150V,T,V,150,0
T150W,T,W,150,0
T150Y,T,Y,150,0
T155A,T,A,155,0
T155C,T,C,155,0
T155D,T,D,155,1
T155E,T,E,155,1
T155F,T,F,155,1
T155G,T,G,155,1
T155H,T,H,155,1
T155I,T,I,155,1
T155K,T,K,155,1
T155L,T,L,155,1
T155M,T,M,155,1
T155N,T,N,155,1
T155P,T,P,155,1
T155Q,T,Q,155,1
T155R,T,R,155,1
T155S,T,S,155,0
T155V,T,V,155,1
T155W,T,W,155,1
T155Y,T,Y,155,1
T170A,T,A,170,0
T170C,T,C,170,0
T170D,T,D,170,1
T170E,T,E,170,1
T170F,T,F,170,0
T170G,T,G,170,0
T170H,T,H,170,0
T170I,T,I,170,0
T170K,T,K,170,0
T170L,T,L,170,0
T170M,T,M,170,0
T170N,T,N,170,0
T170P,T,P,170,1
T170Q,T,Q,170,1
T170R,T,R,170,0
T170S,T,S,170,0
T170V,T,V,170,0
T170W,T,W,170,0
T170Y,T,Y,170,0
T211A,T,A,211,1
T211C,T,C,211,1
T211D,T,D,211,0
T211E,T,E,211,1
T211F,T,F,211,1
T211G,T,G,211,1
T211H,T,H,211,0
T211I,T,I,211,1
T211K,T,K,211,1
T211L,T,L,211,1
T211M,T,M,211,1
T211N,T,N,211,0
T211P,T,P,211,1
T211Q,T,Q,211,1
T211R,T,R,211,1
T211S,T,S,211,0
T211V,T,V,211,1
T211W,T,W,211,1
T211Y,T,Y,211,1
T230A,T,A,230,0
T230C,T,C,230,0
T230D,T,D,230,1
T230E,T,E,230,1
T230F,T,F,230,0
T230G,T,G,230,1
T230H,T,H,230,0
T230I,T,I,230,0
T230K,T,K,230,1
T230L,T,L,230,0
T230M,T,M,230,0
T230N,T,N,230,1
T230P,T,P,230,1
T230Q,T,Q,230,0
T230R,T,R,230,0
T230S,T,S,230,0
T230V,T,V,230,0
T230W,T,W,230,1
T230Y,T,Y,230,0
T231A,T,A,231,1
T231C,T,C,231,0
T231D,T,D,231,1
T231E,T,E,231,1
T231F,T,F,231,0
T231G,T,G,231,1
T231H,T,H,231,0
T231I,T,I,231,0
T231K,T,K,231,1
T231L,T,L,231,0
T231M,T,M,231,0
T231N,T,N,231,1
T231P,T,P,231,1
T231Q,T,Q,231,0
T231R,T,R,231,1
T231S,T,S,231,1
T231V,T,V,231,0
T231W,T,W,231,0
T231Y,T,Y,231,0
T253A,T,A,253,1
T253C,T,C,253,0
T253D,T,D,253,1
T253E,T,E,253,1
T253F,T,F,253,1
T253G,T,G,253,1
T253H,T,H,253,1
T253I,T,I,253,1
T253K,T,K,253,1
T253L,T,L,253,1
T253M,T,M,253,0
T253N,T,N,253,1
T253P,T,P,253,1
T253Q,T,Q,253,0
T253R,T,R,253,1
T253S,T,S,253,1
T253V,T,V,253,1
T253W,T,W,253,1
T253Y,T,Y,253,1
T256A,T,A,256,1
T256C,T,C,256,1
T256D,T,D,256,1
T256E,T,E,256,1
T256F,T,F,256,1
T256G,T,G,256,1
T256H,T,H,256,1
T256I,T,I,256,1
T256K,T,K,256,1
T256L,T,L,256,1
T256M,T,M,256,1
T256N,T,N,256,1
T256P,T,P,256,1
T256Q,T,Q,256,0
T256R,T,R,256,1
T256S,T,S,256,1
T256V,T,V,256,1
T256W,T,W,256,1
T256Y,T,Y,256,1
T284A,T,A,284,0
T284C,T,C,284,0
T284D,T,D,284,1
T284E,T,E,284,1
T284F,T,F,284,0
T284G,T,G,284,0
T284H,T,H,284,0
T284I,T,I,284,0
T284K,T,K,284,0
T284L,T,L,284,0
T284M,T,M,284,0
T284N,T,N,284,0
T284P,T,P,284,0
T284Q,T,Q,284,0
T284R,T,R,284,0
T284S,T,S,284,0
T284V,T,V,284,0
T284W,T,W,284,1
T284Y,T,Y,284,0
T304A,T,A,304,0
T304C,T,C,304,0
T304D,T,D,304,0
T304E,T,E,304,0
T304F,T,F,304,0
T304G,T,G,304,0
T304H,T,H,304,0
T304I,T,I,304,0
T304K,T,K,304,0
T304L,T,L,304,0
T304M,T,M,304,0
T304N,T,N,304,0
T304P,T,P,304,0
T304Q,T,Q,304,0
T304R,T,R,304,0
T304S,T,S,304,0
T304V,T,V,304,0
T304W,T,W,304,0
T304Y,T,Y,304,0
T312N,T,N,312,0
T312S,T,S,312,0
T387P,T,P,387,0
V10I,V,I,10,0
V10L,V,L,10,0
V122M,V,M,122,0
V143A,V,A,143,1
V143C,V,C,143,1
V143D,V,D,143,1
V143E,V,E,143,1
V143F,V,F,143,1
V143G,V,G,143,1
V143H,V,H,143,1
V143I,V,I,143,0
V143K,V,K,143,1
V143L,V,L,143,1
V143M,V,M,143,1
V143N,V,N,143,1
V143P,V,P,143,1
V143Q,V,Q,143,1
V143R,V,R,143,1
V143S,V,S,143,1
V143T,V,T,143,1
V143W,V,W,143,1
V143Y,V,Y,143,1
V147A,V,A,147,1
V147C,V,C,147,0
V147D,V,D,147,1
V147E,V,E,147,1
V147F,V,F,147,0
V147G,V,G,147,1
V147H,V,H,147,1
V147I,V,I,147,0
V147K,V,K,147,1
V147L,V,L,147,0
V147M,V,M,147,0
V147N,V,N,147,1
V147P,V,P,147,1
V147Q,V,Q,147,1
V147R,V,R,147,1
V147S,V,S,147,1
V147T,V,T,147,0
V147W,V,W,147,1
V147Y,V,Y,147,1
V157A,V,A,157,1
V157C,V,C,157,1
V157D,V,D,157,1
V157E,V,E,157,1
V157F,V,F,157,1
V157G,V,G,157,1
V157H,V,H,157,1
V157I,V,I,157,0
V157K,V,K,157,1
V157L,V,L,157,1
V157M,V,M,157,1
V157N,V,N,157,1
V157P,V,P,157,1
V157Q,V,Q,157,1
V157R,V,R,157,1
V157S,V,S,157,1
V157T,V,T,157,1
V157W,V,W,157,1
V157Y,V,Y,157,1
V172A,V,A,172,0
V172C,V,C,172,1
V172D,V,D,172,1
V172E,V,E,172,1
V172F,V,F,172,1
V172G,V,G,172,1
V172H,V,H,172,1
V172I,V,I,172,0
V172K,V,K,172,1
V172L,V,L,172,1
V172M,V,M,172,1
V172N,V,N,172,1
V172P,V,P,172,0
V172Q,V,Q,172,1
V172R,V,R,172,1
V172S,V,S,172,1
V172T,V,T,172,0
V172W,V,W,172,1
V172Y,V,Y,172,1
V173A,V,A,173,1
V173C,V,C,173,1
V173D,V,D,173,1
V173E,V,E,173,1
V173F,V,F,173,1
V173G,V,G,173,1
V173H,V,H,173,1
V173I,V,I,173,1
V173K,V,K,173,1
V173L,V,L,173,1
V173M,V,M,173,1
V173N,V,N,173,1
V173P,V,P,173,1
V173Q,V,Q,173,1
V173R,V,R,173,1
V173S,V,S,173,1
V173T,V,T,173,1
V173W,V,W,173,1
V173Y,V,Y,173,1
V197A,V,A,197,0
V197C,V,C,197,0
V197D,V,D,197,1
V197E,V,E,197,1
V197F,V,F,197,1
V197G,V,G,197,1
V197H,V,H,197,1
V197I,V,I,197,0
V197K,V,K,197,1
V197L,V,L,197,1
V197M,V,M,197,1
V197N,V,N,197,1
V197P,V,P,197,1
V197Q,V,Q,197,1
V197R,V,R,197,1
V197S,V,S,197,1
V197T,V,T,197,1
V197W,V,W,197,1
V197Y,V,Y,197,1
V203A,V,A,203,0
V203C,V,C,203,0
V203D,V,D,203,1
V203E,V,E,203,1
V203F,V,F,203,1
V203G,V,G,203,0
V203H,V,H,203,1
V203I,V,I,203,1
V203K,V,K,203,0
V203L,V,L,203,1
V203M,V,M,203,1
V203N,V,N,203,1
V203P,V,P,203,0
V203Q,V,Q,203,0
V203R,V,R,203,1
V203S,V,S,203,0
V203T,V,T,203,0
V203W,V,W,203,1
V203Y,V,Y,203,1
V216A,V,A,216,0
V216C,V,C,216,0
V216D,V,D,216,1
V216E,V,E,216,1
V216F,V,F,216,1
V216G,V,G,216,1
V216H,V,H,216,1
V216I,V,I,216,1
V216K,V,K,216,1
V216L,V,L,216,1
V216M,V,M,216,1
V216N,V,N,216,1
V216P,V,P,216,1
V216Q,V,Q,216,1
V216R,V,R,216,1
V216S,V,S,216,1
V216T,V,T,216,1
V216W,V,W,216,1
V216Y,V,Y,216,1
V217A,V,A,217,0
V217C,V,C,217,0
V217D,V,D,217,1
V217E,V,E,217,1
V217F,V,F,217,1
V217G,V,G,217,1
V217H,V,H,217,1
V217I,V,I,217,0
V217K,V,K,217,1
V217L,V,L,217,0
V217M,V,M,217,0
V217N,V,N,217,1
V217P,V,P,217,1
V217Q,V,Q,217,1
V217R,V,R,217,0
V217S,V,S,217,0
V217T,V,T,217,0
V217W,V,W,217,1
V217Y,V,Y,217,1
V218A,V,A,218,1
V218C,V,C,218,0
V218D,V,D,218,1
V218E,V,E,218,1
V218F,V,F,218,1
V218G,V,G,218,1
V218H,V,H,218,1
V218I,V,I,218,0
V218K,V,K,218,1
V218L,V,L,218,1
V218M,V,M,218,1
V218N,V,N,218,1
V218P,V,P,218,1
V218Q,V,Q,218,1
V218R,V,R,218,1
V218S,V,S,218,1
V218T,V,T,218,1
V218W,V,W,218,1
V218Y,V,Y,218,1
V225A,V,A,225,0
V225C,V,C,225,0
V225D,V,D,225,0
V225E,V,E,225,0
V225F,V,F,225,0
V225G,V,G,225,0
V225H,V,H,225,0
V225I,V,I,225,0
V225K,V,K,225,0
V225L,V,L,225,0
V225M,V,M,225,0
V225N,V,N,225,0
V225P,V,P,225,0
V225Q,V,Q,225,0
V225R,V,R,225,0
V225S,V,S,225,0
V225T,V,T,225,0
V225W,V,W,225,0
V225Y,V,Y,225,0
V272A,V,A,272,1
V272C,V,C,272,1
V272D,V,D,272,1
V272E,V,E,272,1
V272F,V,F,272,1
V272G,V,G,272,1
V272H,V,H,272,1
V272I,V,I,272,1
V272K,V,K,272,1
V272L,V,L,272,1
V272M,V,M,272,1
V272N,V,N,272,1
V272P,V,P,272,1
V272Q,V,Q,272,1
V272R,V,R,272,1
V272S,V,S,272,1
V272T,V,T,272,0
V272W,V,W,272,1
V272Y,V,Y,272,1
V274A,V,A,274,1
V274C,V,C,274,1
V274D,V,D,274,1
V274E,V,E,274,1
V274F,V,F,274,1
V274G,V,G,274,0
V274H,V,H,274,1
V274I,V,I,274,0
V274K,V,K,274,1
V274L,V,L,274,1
V274M,V,M,274,1
V274N,V,N,274,1
V274P,V,P,274,1
V274Q,V,Q,274,1
V274R,V,R,274,1
V274S,V,S,274,1
V274T,V,T,274,1
V274W,V,W,274,1
V274Y,V,Y,274,1
V73E,V,E,73,0
V73M,V,M,73,0
W146A,W,A,146,1
W146C,W,C,146,0
W146D,W,D,146,1
W146E,W,E,146,1
W146F,W,F,146,0
W146G,W,G,146,1
W146H,W,H,146,0
W146I,W,I,146,0
W146K,W,K,146,0
W146L,W,L,146,0
W146M,W,M,146,0
W146N,W,N,146,1
W146P,W,P,146,1
W146Q,W,Q,146,0
W146R,W,R,146,0
W146S,W,S,146,0
W146T,W,T,146,1
W146V,W,V,146,0
W146Y,W,Y,146,0
Y107H,Y,H,107,0
Y126A,Y,A,126,1
Y126C,Y,C,126,1
Y126D,Y,D,126,1
Y126E,Y,E,126,1
Y126F,Y,F,126,0
Y126G,Y,G,126,1
Y126H,Y,H,126,1
Y126I,Y,I,126,1
Y126K,Y,K,126,1
Y126L,Y,L,126,1
Y126M,Y,M,126,1
Y126N,Y,N,126,1
Y126P,Y,P,126,1
Y126Q,Y,Q,126,1
Y126R,Y,R,126,1
Y126S,Y,S,126,1
Y126T,Y,T,126,1
Y126V,Y,V,126,1
Y126W,Y,W,126,0
Y163A,Y,A,163,1
Y163C,Y,C,163,1
Y163D,Y,D,163,1
Y163E,Y,E,163,1
Y163F,Y,F,163,0
Y163G,Y,G,163,1
Y163H,Y,H,163,1
Y163I,Y,I,163,1
Y163K,Y,K,163,1
Y163L,Y,L,163,1
Y163M,Y,M,163,1
Y163N,Y,N,163,1
Y163P,Y,P,163,1
Y163Q,Y,Q,163,1
Y163R,Y,R,163,1
Y163S,Y,S,163,1
Y163T,Y,T,163,1
Y163V,Y,V,163,1
Y163W,Y,W,163,1
Y205A,Y,A,205,1
Y205C,Y,C,205,1
Y205D,Y,D,205,1
Y205E,Y,E,205,1
Y205F,Y,F,205,1
Y205G,Y,G,205,1
Y205H,Y,H,205,1
Y205I,Y,I,205,1
Y205K,Y,K,205,1
Y205L,Y,L,205,1
Y205M,Y,M,205,1
Y205N,Y,N,205,1
Y205P,Y,P,205,1
Y205Q,Y,Q,205,1
Y205R,Y,R,205,1
Y205S,Y,S,205,1
Y205T,Y,T,205,1
Y205V,Y,V,205,1
Y205W,Y,W,205,1
Y220A,Y,A,220,1
Y220C,Y,C,220,1
Y220D,Y,D,220,1
Y220E,Y,E,220,1
Y220F,Y,F,220,0
Y220G,Y,G,220,1
Y220H,Y,H,220,1
Y220I,Y,I,220,1
Y220K,Y,K,220,1
Y220L,Y,L,220,1
Y220M,Y,M,220,1
Y220N,Y,N,220,1
Y220P,Y,P,220,1
Y220Q,Y,Q,220,1
Y220R,Y,R,220,1
Y220S,Y,S,220,1
Y220T,Y,T,220,1
Y220V,Y,V,220,1
Y220W,Y,W,220,0
Y234A,Y,A,234,1
Y234C,Y,C,234,1
Y234D,Y,D,234,1
Y234E,Y,E,234,1
Y234F,Y,F,234,0
Y234G,Y,G,234,1
Y234H,Y,H,234,1
Y234I,Y,I,234,0
Y234K,Y,K,234,1
Y234L,Y,L,234,0
Y234M,Y,M,234,0
Y234N,Y,N,234,1
Y234P,Y,P,234,1
Y234Q,Y,Q,234,1
Y234R,Y,R,234,1
Y234S,Y,S,234,1
Y234T,Y,T,234,1
Y234V,Y,V,234,1
Y234W,Y,W,234,1
Y236A,Y,A,236,1
Y236C,Y,C,236,1
Y236D,Y,D,236,1
Y236E,Y,E,236,1
Y236F,Y,F,236,0
Y236G,Y,G,236,1
Y236H,Y,H,236,1
Y236I,Y,I,236,1
Y236K,Y,K,236,1
Y236L,Y,L,236,1
Y236M,Y,M,236,1
Y236N,Y,N,236,1
Y236P,Y,P,236,1
Y236Q,Y,Q,236,1
Y236R,Y,R,236,1
Y236S,Y,S,236,1
Y236T,Y,T,236,1
Y236V,Y,V,236,1
Y236W,Y,W,236,1
